seconds,t_motor,t_ambient,t_predicted,residual
1.59,23.0,19.687,22.94,0.056
5.69,22.937,19.625,22.96,-0.025
9.79,22.937,19.625,22.98,-0.044
13.89,22.937,19.625,23.0,-0.062
17.98,22.937,19.625,23.02,-0.08
22.08,22.937,19.687,23.04,-0.098
26.17,22.937,19.687,23.05,-0.116
30.27,22.937,19.687,23.07,-0.135
34.37,22.875,19.687,23.09,-0.215
38.46,22.875,19.625,23.11,-0.233
42.56,22.875,19.625,23.13,-0.25
46.65,22.875,19.625,23.14,-0.268
50.75,22.875,19.625,23.16,-0.286
54.85,22.875,19.625,23.18,-0.304
58.94,22.875,19.625,23.2,-0.321
63.04,22.812,19.625,23.21,-0.402
67.13,22.812,19.625,23.23,-0.419
71.23,22.875,19.625,23.25,-0.374
75.33,22.812,19.625,23.27,-0.454
79.42,22.812,19.625,23.28,-0.471
83.52,22.812,19.625,23.3,-0.489
87.61,22.812,19.625,23.32,-0.506
91.71,22.875,19.625,23.34,-0.46
95.81,22.812,19.562,23.35,-0.54
99.9,22.812,19.625,23.37,-0.557
104.0,22.812,19.562,23.39,-0.574
108.09,22.812,19.562,23.4,-0.591
112.19,22.875,19.562,23.42,-0.545
116.29,22.812,19.562,23.44,-0.624
120.38,22.812,25.0,23.47,-0.657
124.48,22.812,23.437,23.5,-0.685
128.57,22.812,23.437,23.52,-0.712
132.67,22.812,23.437,23.55,-0.74
136.77,22.812,23.375,23.58,-0.767
140.86,22.812,23.375,23.61,-0.794
144.96,22.875,23.375,23.63,-0.759
149.05,22.812,23.375,23.66,-0.849
153.15,22.875,23.375,23.69,-0.813
157.25,22.812,23.437,23.71,-0.903
161.34,22.875,23.375,23.74,-0.867
165.44,22.875,23.375,23.77,-0.893
169.53,22.875,23.375,23.8,-0.92
173.63,22.875,23.375,23.82,-0.947
177.73,22.937,23.375,23.85,-0.911
181.82,22.937,23.437,23.87,-0.938
185.92,22.875,23.375,23.9,-1.026
190.01,22.937,23.375,23.93,-0.991
194.11,22.937,23.375,23.95,-1.017
198.21,22.937,23.375,23.98,-1.043
202.3,22.937,23.375,24.01,-1.069
206.4,22.937,23.375,24.03,-1.095
210.49,22.937,23.312,24.06,-1.121
214.59,22.937,23.312,24.08,-1.147
218.69,23.0,23.312,24.11,-1.109
222.78,23.0,23.312,24.13,-1.135
226.88,23.0,23.312,24.16,-1.16
230.97,23.062,23.312,24.19,-1.124
235.07,23.062,23.312,24.21,-1.149
239.17,23.062,23.312,24.24,-1.174
243.26,23.062,23.312,24.26,-1.199
247.36,23.062,23.312,24.29,-1.225
251.45,23.062,23.312,24.31,-1.25
255.55,23.125,23.312,24.34,-1.212
259.65,23.125,23.312,24.36,-1.236
263.74,23.125,23.312,24.39,-1.261
267.84,23.125,23.312,24.41,-1.286
271.93,23.125,23.312,24.44,-1.311
276.03,23.187,23.312,24.46,-1.273
280.13,23.187,23.25,24.48,-1.298
284.22,23.187,23.312,24.51,-1.322
288.32,23.25,23.312,24.53,-1.284
292.41,23.25,23.312,24.56,-1.308
296.51,23.25,23.25,24.58,-1.332
300.61,23.25,23.25,24.61,-1.356
304.7,23.25,23.25,24.63,-1.38
308.8,23.312,23.25,24.65,-1.342
312.89,23.25,23.25,24.68,-1.427
316.99,23.312,23.25,24.7,-1.389
321.09,23.312,23.25,24.72,-1.413
325.18,23.312,23.312,24.75,-1.437
329.28,23.375,23.25,24.77,-1.397
333.37,23.375,23.25,24.8,-1.421
337.47,23.375,23.25,24.82,-1.444
341.57,23.437,23.25,24.84,-1.405
345.66,23.437,23.312,24.87,-1.429
349.76,23.437,23.312,24.89,-1.452
353.85,23.437,23.25,24.91,-1.475
357.95,23.5,23.312,24.94,-1.435
362.05,23.5,23.25,24.96,-1.458
366.14,23.5,23.312,24.98,-1.482
370.24,23.5,23.25,25.0,-1.504
374.33,23.562,23.25,25.03,-1.465
378.43,23.562,23.25,25.05,-1.488
382.53,23.562,23.25,25.07,-1.511
386.62,23.562,23.25,25.1,-1.533
390.72,23.562,23.25,25.12,-1.556
394.81,23.562,23.25,25.14,-1.578
398.91,23.625,23.25,25.16,-1.538
403.01,23.625,23.25,25.18,-1.56
407.1,23.625,23.25,25.21,-1.582
411.2,23.625,23.25,25.23,-1.604
415.29,23.687,23.25,25.25,-1.565
419.39,23.687,23.25,25.27,-1.587
423.49,23.687,23.25,25.3,-1.609
427.58,23.75,23.25,25.32,-1.568
431.68,23.75,23.312,25.34,-1.59
435.77,23.75,23.312,25.36,-1.612
439.87,23.75,23.25,25.38,-1.633
443.97,23.75,23.312,25.41,-1.655
448.06,23.812,23.312,25.43,-1.615
452.16,23.875,23.312,25.45,-1.574
456.25,23.812,23.312,25.47,-1.658
460.35,23.875,23.312,25.49,-1.617
464.45,23.875,23.312,25.51,-1.639
468.54,23.875,23.312,25.54,-1.66
472.64,23.875,23.312,25.56,-1.682
476.73,23.937,23.312,25.58,-1.641
480.83,23.937,23.312,25.6,-1.662
484.93,23.937,23.312,25.62,-1.684
489.02,23.937,23.312,25.64,-1.705
493.12,23.937,23.312,25.66,-1.726
497.21,23.937,23.25,25.68,-1.747
501.31,24.0,23.312,25.7,-1.705
505.41,24.0,23.312,25.73,-1.726
509.5,24.0,23.312,25.75,-1.747
513.6,24.0,23.312,25.77,-1.767
517.69,24.0,23.312,25.79,-1.788
521.79,24.062,23.312,25.81,-1.747
525.89,24.062,23.312,25.83,-1.768
529.98,24.062,23.312,25.85,-1.788
534.08,24.062,23.312,25.87,-1.809
538.17,24.062,23.312,25.89,-1.829
542.27,24.125,23.312,25.91,-1.787
546.37,24.125,23.25,25.93,-1.807
550.46,24.125,23.312,25.95,-1.827
554.56,24.187,23.312,25.97,-1.785
558.65,24.125,23.312,25.99,-1.867
562.75,24.187,23.312,26.01,-1.826
566.85,24.187,23.312,26.03,-1.846
570.94,24.187,23.312,26.05,-1.866
575.04,24.187,23.312,26.07,-1.886
579.13,24.25,23.375,26.09,-1.843
583.23,24.25,23.312,26.11,-1.863
587.33,24.312,23.312,26.13,-1.82
591.42,24.312,23.375,26.15,-1.84
595.52,24.312,23.312,26.17,-1.86
599.61,24.25,23.375,26.19,-1.942
603.71,24.312,23.312,26.21,-1.899
607.81,24.312,23.312,26.23,-1.919
611.9,24.312,23.375,26.25,-1.938
616.0,24.375,23.375,26.27,-1.895
620.09,24.375,23.375,26.29,-1.914
624.19,24.375,23.312,26.31,-1.934
628.29,24.375,23.312,26.33,-1.953
632.38,24.437,23.375,26.35,-1.91
636.48,24.437,23.312,26.37,-1.929
640.57,24.437,23.312,26.39,-1.948
644.67,24.437,23.312,26.4,-1.967
648.77,24.437,23.375,26.42,-1.986
652.86,24.437,23.375,26.44,-2.006
656.96,24.437,23.375,26.46,-2.025
661.05,24.437,23.375,26.48,-2.043
665.15,24.5,23.375,26.5,-1.999
669.25,24.437,23.375,26.52,-2.081
673.34,24.5,23.375,26.54,-2.037
677.44,24.5,23.375,26.56,-2.056
681.53,24.562,23.375,26.57,-2.012
685.63,24.562,23.312,26.59,-2.031
689.73,24.562,23.312,26.61,-2.049
693.82,24.5,23.375,26.63,-2.13
697.92,24.562,23.375,26.65,-2.086
702.01,24.562,23.375,26.67,-2.105
706.11,24.562,23.375,26.69,-2.123
710.21,24.562,23.375,26.7,-2.141
714.3,24.625,23.375,26.72,-2.097
718.4,24.562,23.312,26.74,-2.178
722.49,24.562,23.375,26.76,-2.196
726.59,24.625,23.375,26.78,-2.151
730.69,24.625,23.375,26.79,-2.169
734.78,24.625,23.375,26.81,-2.187
738.88,24.625,23.375,26.83,-2.205
742.97,24.625,23.375,26.85,-2.223
747.07,24.625,23.375,26.87,-2.241
751.17,24.687,23.375,26.88,-2.196
755.26,24.625,23.375,26.9,-2.276
759.36,24.687,23.375,26.92,-2.232
763.45,24.687,23.375,26.94,-2.249
767.55,24.687,23.375,26.95,-2.267
771.65,24.687,23.375,26.97,-2.285
775.74,24.687,23.375,26.99,-2.302
779.84,24.75,23.375,27.01,-2.256
783.93,24.75,23.375,27.02,-2.274
788.03,24.75,23.375,27.04,-2.291
792.13,24.75,23.375,27.06,-2.308
796.22,24.75,23.375,27.08,-2.326
800.32,24.812,23.375,27.09,-2.281
804.41,24.812,23.375,27.11,-2.298
808.51,24.812,23.375,27.13,-2.315
812.61,24.812,23.375,27.14,-2.332
816.7,24.812,23.437,27.16,-2.349
820.8,24.812,23.375,27.18,-2.366
824.89,24.812,23.312,27.19,-2.383
828.99,24.812,23.375,27.21,-2.4
833.09,24.812,23.375,27.23,-2.417
837.18,24.812,23.375,27.25,-2.433
841.28,24.812,23.375,27.26,-2.45
845.37,24.875,23.375,27.28,-2.404
849.47,24.875,23.375,27.3,-2.42
853.57,24.875,23.375,27.31,-2.437
857.66,24.875,23.375,27.33,-2.453
861.76,24.875,23.375,27.34,-2.47
865.85,24.875,23.375,27.36,-2.486
869.95,24.937,23.375,27.38,-2.441
874.05,24.875,23.375,27.39,-2.519
878.14,24.937,23.375,27.41,-2.473
882.24,24.875,23.375,27.43,-2.551
886.33,24.937,23.375,27.44,-2.506
890.43,24.937,23.375,27.46,-2.522
894.53,24.937,23.312,27.47,-2.538
898.62,24.937,23.375,27.49,-2.554
902.72,24.937,23.375,27.51,-2.57
906.81,24.937,23.375,27.52,-2.586
910.91,24.937,23.375,27.54,-2.601
915.01,25.0,23.375,27.55,-2.554
919.1,24.937,23.375,27.57,-2.633
923.2,25.0,23.375,27.59,-2.586
927.29,25.0,23.375,27.6,-2.602
931.39,25.0,23.375,27.62,-2.617
935.49,25.0,23.375,27.63,-2.633
939.58,25.0,23.375,27.65,-2.648
943.68,25.0,23.437,27.66,-2.664
947.77,25.0,23.375,27.68,-2.68
951.87,25.0,23.375,27.7,-2.695
955.97,25.062,23.375,27.71,-2.649
960.06,25.062,23.437,27.73,-2.664
964.16,25.062,23.375,27.74,-2.679
968.25,25.062,23.375,27.76,-2.695
972.35,25.062,23.375,27.77,-2.71
976.45,25.062,23.375,27.79,-2.725
980.54,25.062,23.375,27.8,-2.74
984.64,25.062,23.375,27.82,-2.755
988.73,25.062,23.375,27.83,-2.77
992.83,25.062,23.375,27.85,-2.785
996.93,25.062,23.375,27.86,-2.8
1001.02,25.125,23.375,27.88,-2.752
1005.12,25.125,23.375,27.89,-2.767
1009.21,25.125,23.375,27.91,-2.782
1013.31,25.187,23.375,27.92,-2.735
1017.41,25.187,23.375,27.94,-2.749
1021.5,25.187,23.375,27.95,-2.764
1025.6,25.187,23.375,27.97,-2.779
1029.69,25.187,23.375,27.98,-2.793
1033.79,25.187,23.375,28.0,-2.808
1037.89,25.25,23.375,28.01,-2.76
1041.98,25.25,23.375,28.02,-2.774
1046.08,25.25,23.375,28.04,-2.789
1050.17,25.187,23.375,28.05,-2.866
1054.27,25.25,23.375,28.07,-2.817
1058.37,25.25,23.375,28.08,-2.832
1062.46,25.312,23.375,28.1,-2.784
1066.56,25.312,23.375,28.11,-2.798
1070.65,25.25,23.375,28.12,-2.874
1074.75,25.312,23.375,28.14,-2.827
1078.85,25.312,23.375,28.15,-2.841
1082.94,25.312,23.375,28.17,-2.855
1087.04,25.312,23.375,28.18,-2.869
1091.13,25.312,23.375,28.19,-2.883
1095.23,25.375,23.375,28.21,-2.834
1099.33,25.375,23.375,28.22,-2.848
1103.42,25.312,23.375,28.24,-2.925
1107.52,25.375,23.375,28.25,-2.875
1111.61,25.375,23.375,28.26,-2.889
1115.71,25.375,23.375,28.28,-2.903
1119.81,25.375,23.375,28.29,-2.917
1123.9,25.375,23.375,28.31,-2.93
1128.0,25.375,23.375,28.32,-2.944
1132.09,25.437,23.375,28.33,-2.896
1136.19,25.437,23.375,28.35,-2.909
1140.29,25.437,23.375,28.36,-2.923
1144.38,25.437,23.375,28.37,-2.936
1148.48,25.437,23.375,28.39,-2.95
1152.57,25.437,23.375,28.4,-2.963
1156.67,25.5,23.375,28.41,-2.913
1160.77,25.5,23.375,28.43,-2.927
1164.86,25.5,23.375,28.44,-2.94
1168.96,25.5,23.437,28.45,-2.954
1173.05,25.5,23.437,28.47,-2.967
1177.15,25.562,23.437,28.48,-2.918
1181.25,25.5,23.437,28.49,-2.994
1185.34,25.5,23.437,28.51,-3.007
1189.44,25.562,23.437,28.52,-2.958
1193.53,25.562,23.437,28.53,-2.971
1197.63,25.562,23.437,28.55,-2.984
1201.73,25.562,23.437,28.56,-2.998
1205.82,25.625,23.437,28.57,-2.948
1209.92,25.562,23.437,28.59,-3.024
1214.01,25.625,23.437,28.6,-2.974
1218.11,25.625,23.437,28.61,-2.987
1222.21,25.625,23.437,28.62,-3.0
1226.3,25.625,23.437,28.64,-3.013
1230.4,25.625,23.437,28.65,-3.025
1234.49,25.625,23.437,28.66,-3.038
1238.59,25.625,23.437,28.68,-3.051
1242.69,25.687,23.437,28.69,-3.002
1246.78,25.687,23.437,28.7,-3.015
1250.88,25.687,23.437,28.71,-3.027
1254.97,25.75,23.437,28.73,-2.977
1259.07,25.687,23.437,28.74,-3.053
1263.17,25.75,23.5,28.75,-3.002
1267.26,25.75,23.5,28.76,-3.015
1271.36,25.75,23.5,28.78,-3.028
1275.45,25.75,23.5,28.79,-3.04
1279.55,25.75,23.5,28.8,-3.053
1283.65,25.75,23.5,28.82,-3.065
1287.74,25.812,23.562,28.83,-3.016
1291.84,25.812,23.5,28.84,-3.029
1295.93,25.75,23.5,28.85,-3.103
1300.03,25.812,23.5,28.87,-3.054
1304.13,25.812,23.5,28.88,-3.066
1308.22,25.812,23.5,28.89,-3.078
1312.32,25.812,23.5,28.9,-3.091
1316.41,25.812,23.562,28.92,-3.103
1320.51,25.812,23.562,28.93,-3.116
1324.61,25.875,23.562,28.94,-3.065
1328.7,25.875,23.562,28.95,-3.077
1332.8,25.875,23.562,28.96,-3.09
1336.89,25.875,23.625,28.98,-3.102
1340.99,25.875,23.625,28.99,-3.115
1345.09,25.875,23.562,29.0,-3.127
1349.18,25.937,23.562,29.01,-3.077
1353.28,25.937,23.625,29.03,-3.089
1357.37,25.937,23.625,29.04,-3.102
1361.47,25.937,23.625,29.05,-3.114
1365.57,25.937,23.625,29.06,-3.126
1369.66,25.937,23.625,29.08,-3.138
1373.76,26.0,23.562,29.09,-3.087
1377.85,26.0,23.625,29.1,-3.099
1381.95,26.0,23.625,29.11,-3.111
1386.05,26.0,23.625,29.12,-3.123
1390.14,26.0,23.625,29.14,-3.135
1394.24,26.0,23.625,29.15,-3.147
1398.33,26.0,23.625,29.16,-3.159
1402.43,26.0,23.625,29.17,-3.171
1406.53,26.062,23.625,29.18,-3.121
1410.62,26.062,23.625,29.19,-3.133
1414.72,26.062,23.625,29.21,-3.145
1418.81,26.062,23.687,29.22,-3.157
1422.91,26.062,23.687,29.23,-3.169
1427.01,26.062,23.687,29.24,-3.18
1431.1,26.062,23.687,29.25,-3.192
1435.2,26.125,23.687,29.27,-3.141
1439.29,26.125,23.687,29.28,-3.153
1443.39,26.125,23.687,29.29,-3.165
1447.49,26.125,23.75,29.3,-3.177
1451.58,26.125,23.687,29.31,-3.188
1455.68,26.125,23.75,29.33,-3.2
1459.77,26.125,23.75,29.34,-3.212
1463.87,26.125,23.75,29.35,-3.224
1467.97,26.187,23.75,29.36,-3.173
1472.06,26.187,23.75,29.37,-3.185
1476.16,26.187,23.75,29.38,-3.197
1480.25,26.187,23.75,29.4,-3.208
1484.35,26.187,23.75,29.41,-3.22
1488.45,26.187,23.75,29.42,-3.231
1492.54,26.187,23.75,29.43,-3.243
1496.64,26.187,23.75,29.44,-3.254
1500.73,26.187,23.75,29.45,-3.266
1504.83,26.25,23.75,29.46,-3.214
1508.93,26.25,23.75,29.48,-3.226
1513.02,26.187,23.812,29.49,-3.3
1517.12,26.25,23.75,29.5,-3.249
1521.21,26.25,23.812,29.51,-3.26
1525.31,26.25,23.812,29.52,-3.271
1529.41,26.25,23.812,29.53,-3.283
1533.5,26.25,23.812,29.54,-3.294
1537.6,26.25,23.812,29.56,-3.306
1541.69,26.312,23.812,29.57,-3.255
1545.79,26.312,23.812,29.58,-3.266
1549.89,26.312,23.812,29.59,-3.277
1553.98,26.312,23.875,29.6,-3.289
1558.08,26.312,23.875,29.61,-3.3
1562.17,26.312,23.875,29.62,-3.311
1566.27,26.312,23.812,29.63,-3.323
1570.37,26.312,23.875,29.65,-3.334
1574.46,26.312,23.875,29.66,-3.345
1578.56,26.312,23.875,29.67,-3.356
1582.65,26.312,23.875,29.68,-3.367
1586.75,26.194,23.875,29.69,-3.316
1590.85,26.193,23.875,29.7,-3.327
1594.94,26.192,23.875,29.71,-3.338
1599.04,26.191,23.875,29.72,-3.349
1603.13,26.19,23.875,29.73,-3.423
1607.23,26.189,23.937,29.75,-3.371
1611.33,26.187,23.875,29.76,-3.382
1615.42,26.187,23.875,29.77,-3.393
1619.52,26.186,23.937,29.78,-3.404
1623.61,26.184,23.875,29.79,-3.415
1627.71,26.183,23.875,29.8,-3.425
1631.81,26.182,23.937,29.81,-3.436
1635.9,26.181,23.937,29.82,-3.447
1640.0,26.18,23.937,29.83,-3.458
1644.09,26.179,23.937,29.84,-3.469
1648.19,26.178,23.937,29.85,-3.48
1652.29,26.176,23.937,29.87,-3.491
1656.38,26.175,23.937,29.88,-3.501
1660.48,26.174,23.937,29.89,-3.512
1664.57,26.173,23.937,29.9,-3.523
1668.67,26.172,23.937,29.91,-3.597
1672.77,26.171,23.937,29.92,-3.544
1676.86,26.17,23.937,29.93,-3.555
1680.96,26.169,24.0,29.94,-3.566
1685.05,26.168,23.937,29.95,-3.576
1689.15,26.167,24.0,29.96,-3.587
1693.25,26.166,23.937,29.97,-3.597
1697.34,26.164,23.937,29.98,-3.608
1701.44,26.163,23.937,29.99,-3.618
1705.53,26.162,23.937,30.0,-3.629
1709.63,26.161,23.937,30.01,-3.639
1713.73,26.16,24.0,30.02,-3.65
1717.82,26.159,24.0,30.04,-3.66
1721.92,26.158,24.0,30.05,-3.671
1726.01,26.157,24.0,30.06,-3.681
1730.11,26.156,24.0,30.07,-3.691
1734.21,26.155,23.937,30.08,-3.702
1738.3,26.154,24.0,30.09,-3.712
1742.4,26.153,24.0,30.1,-3.722
1746.49,26.152,24.0,30.11,-3.733
1750.59,26.151,24.0,30.12,-3.806
1754.69,26.149,24.0,30.13,-3.753
1758.78,26.148,24.0,30.14,-3.763
1762.88,26.147,24.0,30.15,-3.773
1766.97,26.146,24.0,30.16,-3.846
1771.07,26.145,24.0,30.17,-3.794
1775.17,26.144,24.0,30.18,-3.804
1779.26,26.143,24.0,30.19,-3.814
1783.36,26.142,24.0,30.2,-3.824
1787.45,26.141,24.0,30.21,-3.834
1791.55,26.14,24.0,30.22,-3.844
1795.65,26.138,24.0,30.23,-3.917
1799.74,26.137,24.0,30.24,-3.864
1803.84,26.136,24.0,30.25,-3.873
1807.93,26.135,24.0,30.26,-3.946
1812.03,26.134,24.0,30.27,-3.956
1816.13,26.133,24.0,30.28,-3.966
1820.22,26.132,24.0,30.29,-3.976
1824.32,26.131,24.0,30.3,-3.922
1828.41,26.13,24.0,30.31,-3.995
1832.51,26.129,24.0,30.32,-4.005
1836.61,26.128,24.062,30.33,-4.015
1840.7,26.127,24.0,30.34,-4.024
1844.8,26.126,24.0,30.35,-4.034
1848.89,26.125,24.0,30.36,-4.043
1852.99,26.124,24.0,30.36,-4.053
1857.09,26.123,24.0,30.37,-4.062
1861.18,26.122,24.0,30.38,-4.072
1865.28,26.121,24.0,30.39,-4.018
1869.37,26.119,24.0,30.4,-4.091
1873.47,26.118,24.062,30.41,-4.1
1877.57,26.117,24.062,30.42,-4.11
1881.66,26.116,24.0,30.43,-4.119
1885.76,26.115,24.0,30.44,-4.129
1889.85,26.114,24.0,30.45,-4.138
1893.95,26.113,24.0,30.46,-4.147
1898.05,26.112,24.0,30.47,-4.156
1902.14,26.11,24.0,30.48,-4.166
1906.24,26.109,24.0,30.49,-4.175
1910.33,26.108,24.0,30.5,-4.184
1914.43,26.107,24.0,30.51,-4.193
1918.53,26.106,24.0,30.51,-4.202
1922.62,26.105,24.0,30.52,-4.211
1926.72,26.104,24.0,30.53,-4.22
1930.81,26.103,24.0,30.54,-4.229
1934.91,26.102,24.062,30.55,-4.301
1939.01,26.101,24.0,30.56,-4.248
1943.1,26.1,24.0,30.57,-4.257
1947.2,26.098,24.0,30.58,-4.266
1951.29,26.097,24.0,30.59,-4.274
1955.39,26.096,24.0,30.6,-4.283
1959.49,26.095,24.0,30.6,-4.292
1963.58,26.094,24.062,30.61,-4.363
1967.68,26.093,24.0,30.62,-4.31
1971.77,26.092,24.0,30.63,-4.319
1975.87,26.091,24.0,30.64,-4.328
1979.97,26.09,24.0,30.65,-4.398
1984.06,26.089,24.0,30.66,-4.407
1988.16,26.088,24.0,30.67,-4.416
1992.25,26.088,24.0,30.67,-4.424
1996.35,26.087,24.0,30.68,-4.371
2000.45,26.086,24.0,30.69,-4.441
2004.54,26.085,24.0,30.7,-4.45
2008.64,26.084,24.0,30.71,-4.459
2012.73,26.083,24.0,30.72,-4.467
2016.83,26.082,24.0,30.73,-4.476
2020.93,26.081,24.0,30.73,-4.484
2025.02,26.08,24.0,30.74,-4.493
2029.12,26.079,24.0,30.75,-4.501
2033.21,26.078,24.0,30.76,-4.509
2037.31,26.077,24.0,30.77,-4.518
2041.41,26.076,24.0,30.78,-4.526
2045.5,26.076,24.0,30.78,-4.534
2049.6,26.075,24.0,30.79,-4.543
2053.69,26.074,24.0,30.8,-4.614
2057.79,26.073,24.0,30.81,-4.559
2061.89,26.072,23.937,30.82,-4.567
2065.98,26.071,23.937,30.83,-4.575
2070.08,26.07,24.0,30.83,-4.647
2074.17,26.069,24.0,30.84,-4.655
2078.27,26.069,24.0,30.85,-4.663
2082.37,26.068,24.0,30.86,-4.671
2086.46,26.067,23.937,30.87,-4.679
2090.56,26.066,24.0,30.87,-4.687
2094.65,26.065,24.0,30.88,-4.695
2098.75,26.064,24.0,30.89,-4.703
2102.85,26.063,24.0,30.9,-4.711
2106.94,26.063,24.0,30.91,-4.719
2111.04,26.062,23.937,30.91,-4.727
2115.13,26.061,23.937,30.92,-4.735
2119.23,26.06,23.937,30.93,-4.742
2123.33,26.059,24.0,30.94,-4.75
2127.42,26.059,23.937,30.94,-4.758
2131.52,26.058,24.0,30.95,-4.766
2135.61,26.057,23.937,30.96,-4.773
2139.71,26.056,23.937,30.97,-4.781
2143.81,26.056,23.937,30.98,-4.789
2147.9,26.055,23.937,30.98,-4.796
2152.0,26.055,23.937,30.99,-4.804
2156.09,26.054,23.937,31.0,-4.811
2160.19,26.053,23.937,31.01,-4.819
2164.29,26.053,23.937,31.01,-4.826
2168.38,26.052,24.0,31.02,-4.834
2172.48,26.051,23.937,31.03,-4.841
2176.57,26.051,23.937,31.04,-4.849
2180.67,26.05,23.937,31.04,-4.918
2184.77,26.05,23.937,31.05,-4.864
2188.88,26.049,23.937,31.06,-4.933
2192.99,26.049,24.0,31.07,-4.941
2197.09,26.048,24.0,31.07,-4.948
2201.18,26.048,23.937,31.08,-4.955
2205.28,26.047,23.937,31.09,-4.963
2209.37,26.047,23.937,31.09,-4.97
2213.47,26.046,23.937,31.1,-4.977
2217.57,26.046,24.0,31.11,-4.984
2221.66,26.046,24.0,31.12,-4.992
2225.76,26.045,23.937,31.12,-4.999
2229.85,26.045,23.937,31.13,-5.006
2233.95,26.044,24.0,31.14,-5.013
2238.05,26.044,23.937,31.15,-5.021
2242.14,26.044,23.937,31.15,-5.028
2246.24,26.043,24.0,31.16,-5.035
2250.33,26.043,23.937,31.17,-5.042
2254.43,26.042,23.937,31.17,-5.049
2258.53,26.042,23.937,31.18,-5.056
2262.62,26.042,23.937,31.19,-5.063
2266.72,26.042,23.937,31.19,-5.07
2270.81,26.041,23.937,31.2,-5.077
2274.91,26.041,23.937,31.21,-5.084
2279.01,26.041,23.937,31.22,-5.091
2283.1,26.041,23.937,31.22,-5.098
2287.2,26.04,23.937,31.23,-5.104
2291.29,26.04,23.937,31.24,-5.111
2295.39,26.04,23.937,31.24,-5.118
2299.49,26.04,24.0,31.25,-5.188
2303.58,26.04,23.937,31.26,-5.132
2307.68,26.04,23.937,31.26,-5.202
2311.77,26.039,23.937,31.27,-5.145
2315.87,26.039,23.937,31.28,-5.215
2319.97,26.039,23.937,31.28,-5.159
2324.06,26.039,23.937,31.29,-5.166
2328.16,26.039,23.937,31.3,-5.235
2332.25,26.039,23.937,31.3,-5.242
2336.35,26.039,23.937,31.31,-5.248
2340.45,26.039,23.937,31.32,-5.255
2344.54,26.039,23.937,31.32,-5.262
2348.64,26.039,23.937,31.33,-5.268
2352.73,26.039,23.937,31.34,-5.275
2356.83,26.039,23.937,31.34,-5.281
2360.93,26.039,23.937,31.35,-5.288
2365.02,26.039,23.937,31.36,-5.294
2369.12,26.04,23.937,31.36,-5.301
2373.21,26.04,23.937,31.37,-5.307
2377.31,26.04,23.937,31.38,-5.314
2381.41,26.04,23.937,31.38,-5.32
2385.5,26.04,23.937,31.39,-5.327
2389.6,26.041,23.937,31.39,-5.333
2393.69,26.041,23.937,31.4,-5.339
2397.79,26.041,23.937,31.41,-5.346
2401.89,26.041,23.937,31.41,-5.352
2405.98,26.041,23.875,31.42,-5.358
2410.08,26.042,23.937,31.43,-5.364
2414.17,26.042,23.937,31.43,-5.371
2418.27,26.042,23.937,31.44,-5.377
2422.37,26.042,23.875,31.45,-5.383
2426.46,26.043,23.875,31.45,-5.389
2430.56,26.043,23.875,31.46,-5.457
2434.65,26.043,23.875,31.46,-5.401
2438.75,26.043,23.875,31.47,-5.407
2442.85,26.044,23.875,31.48,-5.475
2446.94,26.044,23.875,31.48,-5.419
2451.04,26.044,23.875,31.49,-5.425
2455.13,26.045,23.875,31.49,-5.493
2459.23,26.045,23.875,31.5,-5.499
2463.33,26.045,23.875,31.5,-5.505
2467.42,26.046,23.875,31.51,-5.511
2471.52,26.046,23.875,31.52,-5.454
2475.61,26.046,23.875,31.52,-5.522
2479.71,26.047,23.875,31.53,-5.528
2483.81,26.047,23.875,31.53,-5.534
2487.9,26.048,23.812,31.54,-5.54
2492.0,26.048,23.875,31.55,-5.545
2496.09,26.048,23.875,31.55,-5.551
2500.19,26.049,23.875,31.56,-5.557
2504.29,26.049,23.812,31.56,-5.562
2508.38,26.05,23.812,31.57,-5.568
2512.48,26.05,23.812,31.57,-5.573
2516.57,26.051,23.875,31.58,-5.579
2520.67,26.052,23.875,31.58,-5.585
2524.77,26.052,23.812,31.59,-5.653
2528.86,26.053,23.812,31.6,-5.659
2532.96,26.053,23.812,31.6,-5.664
2537.05,26.054,23.875,31.61,-5.67
2541.15,26.054,23.812,31.61,-5.675
2545.25,26.055,23.875,31.62,-5.681
2549.34,26.055,23.875,31.62,-5.686
2553.44,26.056,23.812,31.63,-5.692
2557.53,26.057,23.812,31.63,-5.697
2561.63,26.057,23.812,31.64,-5.702
2565.73,26.058,23.812,31.64,-5.707
2569.82,26.059,23.812,31.65,-5.713
2573.92,26.059,23.812,31.66,-5.718
2578.01,26.06,23.812,31.66,-5.723
2582.11,26.06,23.812,31.67,-5.729
2586.21,26.061,23.812,31.67,-5.734
2590.3,26.062,23.812,31.68,-5.739
2594.4,26.062,23.812,31.68,-5.744
2598.49,26.063,23.812,31.69,-5.749
2602.59,26.064,23.812,31.69,-5.755
2606.69,26.065,23.812,31.7,-5.76
2610.78,26.065,23.812,31.7,-5.765
2614.88,26.066,23.812,31.71,-5.77
2618.97,26.066,23.75,31.71,-5.775
2623.07,26.066,23.812,31.72,-5.78
2627.17,26.066,23.812,31.72,-5.847
2631.26,26.066,23.812,31.73,-5.852
2635.36,26.066,23.812,31.73,-5.795
2639.45,26.067,23.812,31.74,-5.8
2643.55,26.067,23.75,31.74,-5.867
2647.65,26.067,23.75,31.75,-5.81
2651.74,26.067,23.75,31.75,-5.877
2655.84,26.067,23.812,31.76,-5.882
2659.93,26.067,23.812,31.76,-5.887
2664.03,26.068,23.75,31.77,-5.891
2668.13,26.068,23.75,31.77,-5.896
2672.22,26.068,23.75,31.78,-5.901
2676.32,26.068,23.75,31.78,-5.906
2680.41,26.068,23.75,31.79,-5.91
2684.51,26.069,23.687,31.79,-5.915
2688.61,26.069,23.75,31.79,-5.92
2692.7,26.069,23.75,31.8,-5.924
2696.8,26.07,23.75,31.8,-5.929
2700.89,26.07,23.75,31.81,-5.934
2704.99,26.07,23.75,31.81,-5.938
2709.09,26.07,23.75,31.82,-5.943
2713.18,26.071,23.75,31.82,-5.948
2717.28,26.071,23.75,31.83,-5.952
2721.37,26.071,23.75,31.83,-5.957
2725.47,26.072,23.687,31.84,-5.961
2729.57,26.072,23.687,31.84,-5.965
2733.66,26.072,23.75,31.85,-6.033
2737.76,26.073,23.687,31.85,-5.974
2741.85,26.073,23.687,31.85,-5.979
2745.95,26.074,23.687,31.86,-5.983
2750.05,26.074,23.687,31.86,-5.987
2754.14,26.074,23.687,31.87,-6.055
2758.24,26.075,23.625,31.87,-6.059
2762.33,26.075,23.687,31.88,-6.063
2766.43,26.076,23.687,31.88,-6.004
2770.53,26.076,23.687,31.88,-6.009
2774.62,26.077,23.687,31.89,-6.076
2778.72,26.077,23.687,31.89,-6.08
2782.81,26.078,23.687,31.9,-6.084
2786.91,26.078,23.687,31.9,-6.025
2791.01,26.079,23.687,31.9,-6.093
2795.1,26.079,23.687,31.91,-6.097
2799.2,26.08,23.687,31.91,-6.101
2803.29,26.081,23.687,31.92,-6.105
2807.39,26.081,23.687,31.92,-6.109
2811.49,26.082,23.687,31.93,-6.113
2815.58,26.082,23.687,31.93,-6.118
2819.68,26.083,23.687,31.93,-6.122
2823.77,26.084,23.687,31.94,-6.126
2827.87,26.084,23.687,31.94,-6.13
2831.97,26.085,23.687,31.95,-6.134
2836.06,26.086,23.687,31.95,-6.138
2840.16,26.086,23.625,31.95,-6.142
2844.25,26.087,23.625,31.96,-6.146
2848.35,26.088,23.687,31.96,-6.15
2852.45,26.088,23.625,31.97,-6.154
2856.54,26.089,23.625,31.97,-6.157
2860.64,26.09,23.625,31.97,-6.161
2864.73,26.091,23.625,31.98,-6.165
2868.83,26.092,23.625,31.98,-6.169
2872.93,26.092,23.625,31.98,-6.173
2877.02,26.093,23.625,31.99,-6.176
2881.12,26.094,23.625,31.99,-6.242
2885.21,26.095,23.625,32.0,-6.246
2889.31,26.096,23.625,32.0,-6.25
2893.41,26.097,23.625,32.0,-6.253
2897.5,26.097,23.625,32.01,-6.257
2901.6,26.098,23.625,32.01,-6.261
2905.69,26.099,23.625,32.01,-6.265
2909.79,26.1,23.625,32.02,-6.268
2913.89,26.101,23.625,32.02,-6.272
2917.98,26.102,23.625,32.03,-6.276
2922.08,26.103,23.625,32.03,-6.279
2926.17,26.103,23.625,32.03,-6.283
2930.27,26.104,23.625,32.04,-6.286
2934.37,26.105,23.625,32.04,-6.29
2938.46,26.106,23.562,32.04,-6.294
2942.56,26.107,23.625,32.05,-6.297
2946.65,26.108,23.562,32.05,-6.301
2950.75,26.109,23.562,32.05,-6.304
2954.85,26.11,23.562,32.06,-6.307
2958.94,26.11,23.562,32.06,-6.374
2963.04,26.111,23.562,32.06,-6.314
2967.13,26.112,23.562,32.07,-6.317
2971.23,26.113,23.562,32.07,-6.321
2975.33,26.114,23.562,32.07,-6.324
2979.42,26.115,23.562,32.08,-6.328
2983.52,26.116,23.562,32.08,-6.331
2987.61,26.117,23.562,32.08,-6.334
2991.71,26.118,23.562,32.09,-6.337
2995.81,26.118,23.5,32.09,-6.341
2999.9,26.119,23.562,32.09,-6.344
3004.0,26.12,23.562,32.1,-6.347
3008.09,26.121,23.562,32.1,-6.35
3012.19,26.122,23.5,32.1,-6.353
3016.29,26.123,23.5,32.11,-6.357
3020.38,26.124,23.562,32.11,-6.36
3024.48,26.125,23.5,32.11,-6.363
3028.57,26.126,23.5,32.12,-6.366
3032.67,26.127,23.5,32.12,-6.369
3036.77,26.128,23.5,32.12,-6.372
3040.86,26.129,23.5,32.12,-6.313
3044.96,26.13,23.5,32.13,-6.378
3049.05,26.131,23.5,32.13,-6.381
3053.15,26.131,23.5,32.13,-6.384
3057.25,26.132,23.5,32.14,-6.387
3061.34,26.133,23.5,32.14,-6.39
3065.44,26.134,23.5,32.14,-6.393
3069.53,26.135,23.5,32.15,-6.396
3073.63,26.136,23.5,32.15,-6.399
3077.73,26.137,23.5,32.15,-6.402
3081.82,26.138,23.5,32.15,-6.405
3085.92,26.139,23.437,32.16,-6.407
3090.01,26.14,23.437,32.16,-6.41
3094.11,26.141,23.5,32.16,-6.413
3098.21,26.142,23.5,32.17,-6.416
3102.3,26.143,23.437,32.17,-6.419
3106.4,26.144,23.437,32.17,-6.421
3110.49,26.145,23.5,32.17,-6.424
3114.59,26.146,23.437,32.18,-6.427
3118.69,26.147,23.437,32.18,-6.43
3122.78,26.148,23.437,32.18,-6.432
3126.88,26.149,23.5,32.19,-6.435
3130.97,26.15,23.437,32.19,-6.438
3135.07,26.151,23.5,32.19,-6.441
3139.17,26.152,23.437,32.19,-6.443
3143.26,26.153,23.437,32.2,-6.384
3147.36,26.154,23.437,32.2,-6.449
3151.45,26.154,23.437,32.2,-6.451
3155.55,26.155,23.437,32.2,-6.392
3159.65,26.156,23.437,32.21,-6.456
3163.74,26.157,23.437,32.21,-6.397
3167.84,26.158,23.437,32.21,-6.4
3171.93,26.159,23.437,32.21,-6.402
3176.03,26.16,23.437,32.22,-6.405
3180.13,26.161,23.437,32.22,-6.407
3184.22,26.162,23.437,32.22,-6.41
3188.32,26.163,23.437,32.22,-6.412
3192.41,26.164,23.437,32.23,-6.415
3196.51,26.165,23.437,32.23,-6.417
3200.61,26.166,23.437,32.23,-6.42
3204.7,26.167,23.437,32.23,-6.359
3208.8,26.168,23.437,32.24,-6.425
3212.89,26.169,23.437,32.24,-6.364
3216.99,26.17,23.437,32.24,-6.43
3221.09,26.171,23.437,32.24,-6.369
3225.18,26.172,23.437,32.25,-6.372
3229.28,26.173,23.437,32.25,-6.374
3233.37,26.174,23.437,32.25,-6.377
3237.47,26.175,23.437,32.25,-6.379
3241.57,26.176,23.437,32.26,-6.382
3245.66,26.177,23.437,32.26,-6.384
3249.76,26.178,23.437,32.26,-6.387
3253.85,26.179,23.437,32.26,-6.389
3257.95,26.18,23.437,32.27,-6.392
3262.05,26.181,23.437,32.27,-6.394
3266.14,26.182,23.437,32.27,-6.396
3270.24,26.183,23.437,32.27,-6.399
3274.33,26.184,23.437,32.28,-6.339
3278.43,26.185,23.437,32.28,-6.342
3282.53,26.186,23.437,32.28,-6.344
3286.62,26.187,23.437,32.28,-6.408
3290.72,26.188,23.437,32.29,-6.349
3294.81,26.189,23.437,32.29,-6.351
3298.91,26.19,23.437,32.29,-6.353
3303.01,26.19,23.437,32.29,-6.356
3307.1,26.191,23.375,32.29,-6.358
3311.2,26.192,23.437,32.3,-6.297
3315.29,26.193,23.437,32.3,-6.363
3319.39,26.194,23.437,32.3,-6.365
3323.49,26.195,23.437,32.3,-6.304
3327.58,26.196,23.437,32.31,-6.307
3331.68,26.197,23.437,32.31,-6.309
3335.77,26.198,23.437,32.31,-6.311
3339.87,26.199,23.437,32.31,-6.313
3343.97,26.2,23.437,32.32,-6.316
3348.06,26.201,23.437,32.32,-6.318
3352.16,26.202,23.5,32.32,-6.321
3356.25,26.203,23.5,32.32,-6.261
3360.35,26.204,23.5,32.33,-6.263
3364.45,26.205,23.437,32.33,-6.266
3368.54,26.206,23.437,32.33,-6.268
3372.64,26.207,23.5,32.33,-6.27
3376.73,26.208,23.5,32.33,-6.273
3380.83,26.209,23.437,32.34,-6.275
3384.93,26.21,23.5,32.34,-6.277
3389.02,26.211,23.5,32.34,-6.217
3393.12,26.212,23.5,32.34,-6.219
3397.21,26.213,23.5,32.35,-6.221
3401.31,26.214,23.5,32.35,-6.224
3405.41,26.215,23.5,32.35,-6.226
3409.5,26.216,23.437,32.35,-6.228
3413.6,26.217,23.5,32.36,-6.231
3417.69,26.218,23.5,32.36,-6.233
3421.79,26.219,23.5,32.36,-6.235
3425.89,26.22,23.5,32.36,-6.238
3429.98,26.22,23.5,32.37,-6.178
3434.08,26.221,23.5,32.37,-6.242
3438.17,26.222,23.562,32.37,-6.245
3442.27,26.223,23.562,32.37,-6.185
3446.37,26.224,23.5,32.37,-6.25
3450.46,26.225,23.5,32.38,-6.19
3454.56,26.226,23.5,32.38,-6.192
3458.65,26.227,23.5,32.38,-6.195
3462.75,26.228,23.5,32.38,-6.197
3466.85,26.229,23.5,32.39,-6.199
3470.94,26.23,23.5,32.39,-6.201
3475.04,26.231,23.5,32.39,-6.204
3479.13,26.232,23.562,32.39,-6.206
3483.23,26.233,23.5,32.4,-6.208
3487.33,26.234,23.562,32.4,-6.211
3491.42,26.235,23.5,32.4,-6.213
3495.52,26.236,23.562,32.4,-6.152
3499.61,26.236,23.5,32.4,-6.217
3503.71,26.237,23.562,32.41,-6.157
3507.81,26.238,23.5,32.41,-6.159
3511.9,26.239,23.562,32.41,-6.161
3516.0,26.24,23.562,32.41,-6.164
3520.1,26.241,23.562,32.42,-6.104
3524.19,26.242,23.562,32.42,-6.107
3528.29,26.243,23.562,32.42,-6.171
3532.38,26.244,23.562,32.42,-6.111
3536.48,26.245,23.562,32.43,-6.114
3540.57,26.246,23.562,32.43,-6.116
3544.67,26.247,23.562,32.43,-6.118
3548.77,26.248,23.562,32.43,-6.12
3552.86,26.249,23.562,32.43,-6.123
3556.96,26.25,23.625,32.44,-6.125
3561.05,26.251,23.625,32.44,-6.128
3565.15,26.252,23.625,32.44,-6.13
3569.25,26.253,23.625,32.44,-6.133
3573.34,26.254,23.562,32.45,-6.072
3577.44,26.255,23.625,32.45,-6.074
3581.53,26.256,23.625,32.45,-6.077
3585.63,26.257,23.625,32.45,-6.079
3589.73,26.258,23.625,32.46,-6.082
3593.82,26.259,23.625,32.46,-6.084
3597.92,26.26,23.625,32.46,-6.086
3602.01,26.261,23.625,32.46,-6.089
3606.11,26.262,23.625,32.47,-6.091
3610.21,26.263,23.625,32.47,-6.094
3614.3,26.264,23.625,32.47,-6.096
3618.4,26.265,23.625,32.47,-6.036
3622.49,26.266,23.625,32.48,-6.039
3626.59,26.267,23.625,32.48,-6.041
3630.69,26.268,23.625,32.48,-6.043
3634.78,26.269,23.687,32.48,-6.108
3638.88,26.27,23.687,32.49,-6.048
3642.97,26.271,23.687,32.49,-6.051
3647.07,26.272,23.687,32.49,-6.054
3651.17,26.272,23.687,32.49,-6.056
3655.26,26.273,23.687,32.5,-5.995
3659.36,26.275,23.625,32.5,-6.061
3663.45,26.275,23.687,32.5,-6.063
3667.55,26.276,23.687,32.5,-6.066
3671.65,26.277,23.687,32.51,-6.068
3675.74,26.278,23.75,32.51,-6.071
3679.84,26.279,23.75,32.51,-6.073
3683.93,26.28,23.75,32.51,-6.076
3688.03,26.281,23.687,32.52,-6.016
3692.13,26.282,23.75,32.52,-6.018
3696.22,26.283,23.75,32.52,-6.084
3700.32,26.284,23.75,32.52,-6.086
3704.41,26.285,23.75,32.53,-6.026
3708.51,26.286,23.75,32.53,-6.028
3712.61,26.287,23.75,32.53,-5.969
3716.7,26.288,23.75,32.53,-6.034
3720.8,26.289,23.75,32.54,-6.036
3724.89,26.29,23.75,32.54,-5.977
3728.99,26.291,23.75,32.54,-6.041
3733.09,26.292,23.75,32.54,-6.044
3737.18,26.293,23.75,32.55,-5.984
3741.28,26.294,23.812,32.55,-5.987
3745.37,26.295,23.812,32.55,-5.99
3749.47,26.296,23.812,32.55,-5.992
3753.57,26.297,23.812,32.56,-5.995
3757.66,26.298,23.812,32.56,-5.998
3761.76,26.299,23.812,32.56,-6.0
3765.85,26.3,23.812,32.56,-5.94
3769.95,26.301,23.812,32.57,-6.006
3774.05,26.302,23.812,32.57,-6.008
3778.14,26.303,23.812,32.57,-6.011
3782.24,26.304,23.812,32.58,-5.95
3786.33,26.305,23.812,32.58,-5.953
3790.43,26.306,23.812,32.58,-5.956
3794.53,26.307,23.812,32.58,-5.958
3798.62,26.307,23.812,32.59,-5.961
3802.72,26.308,23.812,32.59,-5.963
3806.81,26.309,23.812,32.59,-5.966
3810.91,26.31,23.812,32.59,-5.969
3815.01,26.311,23.812,32.6,-5.971
3819.1,26.312,23.812,32.6,-5.974
3823.2,26.313,23.812,32.6,-5.976
3827.29,26.314,23.812,32.6,-5.979
3831.39,26.315,23.875,32.61,-5.92
3835.49,26.316,23.875,32.61,-5.922
3839.58,26.317,23.875,32.61,-5.925
3843.68,26.318,23.875,32.61,-5.928
3847.77,26.319,23.875,32.62,-5.93
3851.87,26.32,23.875,32.62,-5.933
3855.97,26.321,23.875,32.62,-5.936
3860.06,26.322,23.875,32.63,-5.938
3864.16,26.322,23.875,32.63,-5.941
3868.25,26.323,23.875,32.63,-5.944
3872.35,26.324,23.875,32.63,-5.946
3876.45,26.325,23.875,32.64,-5.949
3880.54,26.326,23.875,32.64,-5.888
3884.64,26.327,23.875,32.64,-5.891
3888.73,26.328,23.875,32.64,-5.894
3892.83,26.329,23.875,32.65,-5.959
3896.93,26.33,23.875,32.65,-5.899
3901.02,26.33,23.937,32.65,-5.902
3905.12,26.331,23.875,32.65,-5.904
3909.21,26.332,23.875,32.66,-5.907
3913.31,26.333,23.875,32.66,-5.909
3917.41,26.334,23.937,32.66,-5.912
3921.5,26.335,23.875,32.66,-5.915
3925.6,26.336,23.875,32.67,-5.917
3929.69,26.337,23.875,32.67,-5.92
3933.79,26.338,23.937,32.67,-5.922
3937.89,26.339,23.937,32.68,-5.925
3941.98,26.34,23.937,32.68,-5.928
3946.08,26.341,23.875,32.68,-5.93
3950.17,26.342,23.937,32.68,-5.871
3954.27,26.343,23.937,32.69,-5.936
3958.37,26.344,23.937,32.69,-5.938
3962.46,26.345,23.937,32.69,-5.941
3966.56,26.346,23.937,32.69,-5.943
3970.65,26.347,23.875,32.7,-5.946
3974.75,26.348,23.875,32.7,-5.948
3978.85,26.348,23.937,32.7,-5.951
3982.94,26.349,23.937,32.7,-5.954
3987.04,26.35,23.937,32.71,-5.956
3991.13,26.351,23.937,32.71,-5.959
3995.23,26.352,23.937,32.71,-5.961
3999.33,26.353,23.937,32.71,-5.964
4003.42,26.354,23.937,32.72,-5.967
4007.52,26.355,24.0,32.72,-5.969
4011.61,26.356,23.937,32.72,-5.972
4015.71,26.357,24.0,32.72,-5.975
4019.81,26.358,24.0,32.73,-6.04
4023.9,26.358,23.937,32.73,-5.98
4028.0,26.359,24.0,32.73,-5.983
4032.09,26.36,24.0,32.74,-5.985
4036.19,26.361,24.0,32.74,-6.051
4040.29,26.362,24.0,32.74,-5.991
4044.38,26.363,24.0,32.74,-5.993
4048.48,26.364,24.0,32.75,-6.059
4052.57,26.365,24.0,32.75,-5.999
4056.67,26.365,23.937,32.75,-6.064
4060.77,26.366,23.937,32.75,-6.067
4064.86,26.367,24.0,32.76,-6.006
4068.96,26.368,24.0,32.76,-6.009
4073.05,26.369,23.937,32.76,-6.074
4077.15,26.37,23.937,32.76,-6.014
4081.25,26.371,23.937,32.77,-6.079
4085.34,26.371,23.937,32.77,-6.019
4089.44,26.372,23.937,32.77,-6.084
4093.53,26.373,24.0,32.77,-6.087
4097.63,26.374,24.0,32.78,-6.089
4101.73,26.375,24.0,32.78,-6.092
4105.82,26.376,24.0,32.78,-6.094
4109.92,26.376,24.0,32.78,-6.097
4114.01,26.377,23.937,32.79,-6.099
4118.11,26.378,24.0,32.79,-6.102
4122.21,26.379,24.0,32.79,-6.104
4126.3,26.38,24.0,32.79,-6.107
4130.4,26.381,24.0,32.8,-6.109
4134.49,26.381,24.0,32.8,-6.112
4138.59,26.382,24.0,32.8,-6.114
4142.69,26.383,24.0,32.8,-6.117
4146.78,26.384,24.0,32.81,-6.119
4150.88,26.385,24.0,32.81,-6.122
4154.97,26.385,24.0,32.81,-6.186
4159.07,26.386,24.0,32.81,-6.127
4163.17,26.387,24.0,32.82,-6.129
4167.26,26.388,24.0,32.82,-6.132
4171.36,26.388,24.0,32.82,-6.134
4175.45,26.389,24.0,32.82,-6.199
4179.55,26.39,24.0,32.83,-6.139
4183.65,26.391,23.937,32.83,-6.141
4187.74,26.391,24.0,32.83,-6.144
4191.84,26.392,24.0,32.83,-6.146
4195.93,26.393,24.0,32.84,-6.211
4200.03,26.393,24.0,32.84,-6.151
4204.13,26.394,24.0,32.84,-6.153
4208.22,26.395,24.0,32.84,-6.156
4212.32,26.395,24.0,32.85,-6.22
4216.41,26.396,24.0,32.85,-6.222
4220.51,26.396,24.0,32.85,-6.225
4224.61,26.397,24.0,32.85,-6.227
4228.7,26.398,24.0,32.85,-6.23
4232.8,26.398,24.0,32.86,-6.232
4236.89,26.399,24.0,32.86,-6.234
4240.99,26.399,24.0,32.86,-6.175
4245.09,26.4,23.937,32.86,-6.239
4249.18,26.4,24.0,32.87,-6.241
4253.28,26.401,24.0,32.87,-6.243
4257.37,26.401,24.0,32.87,-6.246
4261.47,26.402,23.937,32.87,-6.248
4265.57,26.402,24.0,32.88,-6.25
4269.66,26.403,23.937,32.88,-6.252
4273.76,26.403,24.0,32.88,-6.254
4277.85,26.403,23.937,32.88,-6.257
4281.95,26.404,23.937,32.88,-6.259
4286.05,26.404,23.937,32.89,-6.324
4290.14,26.405,24.0,32.89,-6.263
4294.24,26.405,24.0,32.89,-6.265
4298.33,26.406,24.0,32.89,-6.268
4302.43,26.406,23.937,32.89,-6.27
4306.53,26.406,23.937,32.9,-6.335
4310.62,26.406,24.0,32.9,-6.274
4314.72,26.407,23.937,32.9,-6.276
4318.81,26.407,23.937,32.9,-6.278
4322.91,26.407,23.937,32.9,-6.28
4327.01,26.408,23.937,32.91,-6.282
4331.1,26.408,23.937,32.91,-6.347
4335.2,26.408,23.937,32.91,-6.349
4339.29,26.408,23.937,32.91,-6.351
4343.39,26.408,23.937,32.92,-6.29
4347.49,26.409,24.0,32.92,-6.355
4351.58,26.409,23.937,32.92,-6.294
4355.68,26.409,23.937,32.92,-6.296
4359.77,26.409,23.937,32.92,-6.298
4363.87,26.409,23.937,32.93,-6.363
4367.97,26.409,23.937,32.93,-6.365
4372.06,26.409,23.937,32.93,-6.367
4376.16,26.409,23.937,32.93,-6.369
4380.25,26.41,23.937,32.93,-6.371
4384.35,26.41,23.937,32.93,-6.373
4388.45,26.409,23.937,32.94,-6.375
4392.54,26.409,23.937,32.94,-6.377
4396.64,26.409,23.937,32.94,-6.379
4400.73,26.409,23.937,32.94,-6.381
4404.83,26.409,23.875,32.94,-6.382
4408.93,26.409,23.937,32.95,-6.384
4413.02,26.409,23.937,32.95,-6.386
4417.12,26.409,23.937,32.95,-6.388
4421.21,26.409,23.937,32.95,-6.452
4425.31,26.409,23.875,32.95,-6.392
4429.41,26.409,23.937,32.96,-6.393
4433.5,26.408,23.937,32.96,-6.395
4437.6,26.408,23.875,32.96,-6.397
4441.69,26.408,23.937,32.96,-6.461
4445.79,26.408,23.875,32.96,-6.463
4449.89,26.408,23.937,32.96,-6.464
4453.98,26.408,23.937,32.97,-6.466
4458.08,26.407,23.875,32.97,-6.468
4462.17,26.407,23.875,32.97,-6.47
4466.27,26.407,23.875,32.97,-6.471
4470.37,26.407,23.875,32.97,-6.473
4474.46,26.406,23.875,32.97,-6.475
4478.56,26.406,23.875,32.98,-6.476
4482.65,26.406,23.875,32.98,-6.478
4486.75,26.405,23.875,32.98,-6.48
4490.85,26.405,23.875,32.98,-6.481
4494.94,26.405,23.875,32.98,-6.483
4499.04,26.404,23.875,32.98,-6.484
4503.13,26.404,23.875,32.99,-6.486
4507.23,26.404,23.875,32.99,-6.488
4511.33,26.403,23.875,32.99,-6.489
4515.42,26.403,23.875,32.99,-6.491
4519.52,26.403,23.875,32.99,-6.492
4523.61,26.402,23.875,32.99,-6.494
4527.71,26.402,23.875,33.0,-6.496
4531.81,26.401,23.875,33.0,-6.497
4535.9,26.401,23.875,33.0,-6.499
4540.0,26.4,23.875,33.0,-6.5
4544.09,26.4,23.812,33.0,-6.502
4548.19,26.399,23.875,33.0,-6.503
4552.29,26.399,23.875,33.0,-6.505
4556.38,26.398,23.812,33.01,-6.506
4560.48,26.397,23.875,33.01,-6.571
4564.57,26.397,23.875,33.01,-6.572
4568.67,26.396,23.875,33.01,-6.574
4572.77,26.395,23.812,33.01,-6.575
4576.86,26.395,23.812,33.01,-6.577
4580.96,26.394,23.812,33.01,-6.578
4585.05,26.394,23.812,33.02,-6.516
4589.15,26.393,23.875,33.02,-6.581
4593.25,26.392,23.812,33.02,-6.582
4597.34,26.392,23.812,33.02,-6.583
4601.44,26.391,23.812,33.02,-6.585
4605.53,26.39,23.812,33.02,-6.586
4609.63,26.389,23.812,33.02,-6.587
4613.73,26.389,23.812,33.03,-6.589
4617.82,26.388,23.812,33.03,-6.59
4621.92,26.387,23.812,33.03,-6.591
4626.01,26.386,23.875,33.03,-6.593
4630.11,26.385,23.812,33.03,-6.594
4634.21,26.385,23.812,33.03,-6.595
4638.3,26.384,23.812,33.03,-6.659
4642.4,26.383,23.812,33.04,-6.598
4646.49,26.382,23.812,33.04,-6.599
4650.59,26.381,23.812,33.04,-6.663
4654.69,26.38,23.812,33.04,-6.664
4658.78,26.379,23.812,33.04,-6.603
4662.88,26.378,23.812,33.04,-6.666
4666.97,26.377,23.812,33.04,-6.606
4671.07,26.376,23.812,33.04,-6.669
4675.17,26.375,23.812,33.05,-6.67
4679.26,26.374,23.812,33.05,-6.672
4683.36,26.373,23.75,33.05,-6.673
4687.45,26.372,23.812,33.05,-6.674
4691.55,26.371,23.812,33.05,-6.613
4695.65,26.37,23.812,33.05,-6.676
4699.74,26.369,23.812,33.05,-6.678
4703.84,26.368,23.75,33.05,-6.679
4707.93,26.367,23.75,33.05,-6.68
4712.03,26.366,23.75,33.06,-6.681
4716.13,26.365,23.75,33.06,-6.682
4720.22,26.364,23.75,33.06,-6.683
4724.32,26.363,23.812,33.06,-6.684
4728.41,26.362,23.75,33.06,-6.685
4732.51,26.361,23.75,33.06,-6.749
4736.61,26.36,23.75,33.06,-6.687
4740.7,26.358,23.75,33.06,-6.688
4744.8,26.357,23.75,33.06,-6.689
4748.89,26.356,23.75,33.07,-6.69
4752.99,26.355,23.75,33.07,-6.691
4757.09,26.354,23.75,33.07,-6.692
4761.18,26.353,23.75,33.07,-6.693
4765.28,26.351,23.75,33.07,-6.694
4769.37,26.35,23.75,33.07,-6.695
4773.47,26.349,23.75,33.07,-6.759
4777.57,26.348,23.687,33.07,-6.76
4781.66,26.346,23.75,33.07,-6.698
4785.76,26.345,23.75,33.07,-6.762
4789.85,26.344,23.75,33.08,-6.7
4793.95,26.342,23.75,33.08,-6.764
4798.05,26.341,23.687,33.08,-6.702
4802.14,26.34,23.75,33.08,-6.766
4806.24,26.338,23.687,33.08,-6.767
4810.33,26.337,23.75,33.08,-6.768
4814.43,26.336,23.75,33.08,-6.769
4818.53,26.334,23.75,33.08,-6.77
4822.62,26.333,23.75,33.08,-6.771
4826.72,26.331,23.75,33.08,-6.772
4830.81,26.33,23.75,33.08,-6.835
4834.91,26.329,23.75,33.09,-6.774
4839.01,26.327,23.75,33.09,-6.775
4843.1,26.326,23.75,33.09,-6.776
4847.2,26.324,23.75,33.09,-6.838
4851.29,26.323,23.687,33.09,-6.777
4855.39,26.321,23.687,33.09,-6.778
4859.49,26.32,23.687,33.09,-6.841
4863.58,26.318,23.687,33.09,-6.842
4867.68,26.317,23.687,33.09,-6.842
4871.77,26.315,23.687,33.09,-6.843
4875.87,26.313,23.687,33.09,-6.844
4879.97,26.312,23.687,33.09,-6.845
4884.06,26.31,23.75,33.1,-6.846
4888.16,26.309,23.687,33.1,-6.846
4892.25,26.307,23.687,33.1,-6.847
4896.35,26.305,23.687,33.1,-6.848
4900.45,26.304,23.687,33.1,-6.849
4904.54,26.302,23.687,33.1,-6.849
4908.64,26.3,23.687,33.1,-6.85
4912.73,26.299,23.687,33.1,-6.851
4916.83,26.297,23.687,33.1,-6.851
4920.93,26.295,23.687,33.1,-6.852
4925.02,26.294,23.687,33.1,-6.853
4929.12,26.292,23.687,33.1,-6.854
4933.21,26.29,23.625,33.1,-6.854
4937.31,26.289,23.625,33.1,-6.855
4941.41,26.287,23.687,33.11,-6.856
4945.5,26.285,23.687,33.11,-6.856
4949.6,26.283,23.625,33.11,-6.92
4953.69,26.282,23.687,33.11,-6.858
4957.79,26.28,23.625,33.11,-6.858
4961.89,26.278,23.625,33.11,-6.922
4965.98,26.276,23.625,33.11,-6.859
4970.08,26.275,23.625,33.11,-6.86
4974.17,26.273,23.625,33.11,-6.86
4978.27,26.271,23.625,33.11,-6.861
4982.37,26.269,23.625,33.11,-6.924
4986.46,26.268,23.625,33.11,-6.862
4990.56,26.266,23.625,33.11,-6.925
4994.65,26.264,23.625,33.11,-6.926
4998.75,26.262,23.625,33.11,-6.926
5002.85,26.261,23.625,33.11,-6.927
5006.94,26.259,23.625,33.11,-6.864
5011.04,26.257,23.625,33.11,-6.928
5015.13,26.255,23.625,33.12,-6.928
5019.23,26.253,23.625,33.12,-6.929
5023.33,26.252,23.562,33.12,-6.929
5027.42,26.25,23.625,33.12,-6.93
5031.52,26.248,23.625,33.12,-6.93
5035.61,26.246,23.562,33.12,-6.931
5039.71,26.244,23.562,33.12,-6.931
5043.81,26.243,23.562,33.12,-6.931
5047.9,26.241,23.562,33.12,-6.932
5052.0,26.239,23.562,33.12,-6.932
5056.09,26.237,23.562,33.12,-6.932
5060.19,26.236,23.562,33.12,-6.933
5064.29,26.234,23.562,33.12,-6.933
5068.38,26.232,23.562,33.12,-6.933
5072.48,26.23,23.562,33.12,-6.934
5076.57,26.228,23.562,33.12,-6.934
5080.67,26.227,23.562,33.12,-6.934
5084.77,26.225,23.5,33.12,-6.934
5088.86,26.223,23.562,33.12,-6.935
5092.99,26.221,23.562,33.12,-6.935
5097.09,26.219,23.562,33.12,-6.935
5101.18,26.218,23.562,33.12,-6.936
5105.28,26.216,23.5,33.12,-6.936
5109.41,26.214,23.5,33.12,-6.936
5113.5,26.212,23.562,33.12,-6.936
5117.6,26.211,23.562,33.12,-6.937
5121.69,26.209,23.562,33.12,-6.937
5125.79,26.207,23.5,33.12,-6.937
5129.89,26.205,23.5,33.12,-6.999
5133.98,26.204,23.5,33.12,-6.999
5138.08,26.202,23.562,33.12,-6.938
5142.17,26.2,23.5,33.12,-6.938
5146.27,26.198,23.562,33.13,-6.938
5150.37,26.197,23.5,33.13,-6.938
5154.46,26.195,23.562,33.13,-6.938
5158.56,26.193,23.5,33.13,-6.939
5162.65,26.192,23.5,33.13,-7.001
5166.75,26.19,23.5,33.13,-7.001
5170.85,26.188,23.5,33.13,-7.001
5174.94,26.186,23.5,33.13,-7.001
5179.04,26.185,23.5,33.13,-7.001
5183.13,26.183,23.5,33.13,-7.001
5187.23,26.181,23.5,33.13,-7.002
5191.33,26.18,23.5,33.13,-7.002
5195.42,26.178,23.5,33.13,-7.002
5199.52,26.176,23.5,33.13,-7.002
5203.61,26.175,23.5,33.13,-7.002
5207.71,26.173,23.5,33.13,-7.002
5211.83,26.172,23.5,33.13,-7.002
5215.93,26.17,23.5,33.13,-7.002
5220.03,26.168,23.5,33.13,-7.003
5224.13,26.167,23.5,33.13,-7.003
5228.22,26.165,23.5,33.13,-7.003
5232.32,26.164,23.5,33.13,-7.003
5236.41,26.162,23.5,33.13,-7.003
5240.51,26.16,23.5,33.13,-7.003
5244.61,26.159,23.5,33.13,-7.003
5248.7,26.157,23.5,33.13,-7.003
5252.8,26.156,23.5,33.13,-7.003
5256.89,26.154,23.5,33.13,-7.004
5260.99,26.153,23.5,33.13,-7.004
5265.09,26.151,23.5,33.13,-7.004
5269.18,26.15,23.5,33.13,-7.004
5273.28,26.148,23.5,33.13,-7.004
5277.37,26.147,23.5,33.13,-7.004
5281.47,26.145,23.5,33.13,-7.004
5285.57,26.144,23.5,33.13,-7.067
5289.66,26.143,23.5,33.13,-7.005
5293.76,26.141,23.437,33.13,-7.067
5297.85,26.14,23.437,33.13,-7.004
5301.95,26.138,23.5,33.13,-7.005
5306.05,26.137,23.5,33.13,-7.068
5310.14,26.136,23.5,33.13,-7.068
5314.24,26.134,23.5,33.13,-7.068
5318.33,26.133,23.5,33.13,-7.068
5322.43,26.132,23.5,33.13,-7.068
5326.53,26.13,23.5,33.13,-7.068
5330.62,26.129,23.5,33.13,-7.068
5334.72,26.128,23.5,33.13,-7.068
5338.81,26.127,23.437,33.13,-7.068
5342.91,26.125,23.5,33.13,-7.069
5347.01,26.124,23.5,33.13,-7.069
5351.1,26.123,23.437,33.13,-7.069
5355.2,26.122,23.5,33.13,-7.069
5359.29,26.121,23.437,33.13,-7.069
5363.39,26.119,23.437,33.13,-7.069
5367.49,26.118,23.437,33.13,-7.068
5371.61,26.117,23.437,33.13,-7.068
5375.71,26.116,23.437,33.13,-7.068
5379.81,26.115,23.437,33.13,-7.068
5383.9,26.114,23.437,33.13,-7.068
5388.0,26.113,23.437,33.13,-7.068
5392.09,26.112,23.437,33.13,-7.068
5396.19,26.111,23.437,33.13,-7.068
5400.29,26.11,23.437,33.13,-7.068
5404.38,26.109,23.437,33.13,-7.068
5408.48,26.108,23.5,33.13,-7.068
5412.57,26.107,23.437,33.13,-7.068
5416.67,26.106,23.437,33.13,-7.13
5420.77,26.105,23.437,33.13,-7.068
5424.86,26.104,23.437,33.13,-7.13
5428.96,26.103,23.437,33.13,-7.068
5433.05,26.102,23.437,33.13,-7.13
5437.15,26.101,23.437,33.13,-7.13
5441.25,26.1,23.437,33.13,-7.129
5445.34,26.099,23.437,33.13,-7.067
5449.44,26.099,23.437,33.13,-7.067
5453.53,26.098,23.375,33.13,-7.129
5457.63,26.097,23.437,33.13,-7.067
5461.73,26.096,23.375,33.13,-7.129
5465.82,26.096,23.437,33.13,-7.067
5469.92,26.095,23.437,33.13,-7.067
5474.01,26.094,23.375,33.13,-7.066
5478.11,26.093,23.437,33.13,-7.066
5482.21,26.093,23.437,33.13,-7.066
5486.3,26.092,23.375,33.13,-7.066
5490.4,26.091,23.375,33.13,-7.128
5494.49,26.091,23.375,33.13,-7.128
5498.59,26.09,23.375,33.13,-7.127
5502.69,26.09,23.375,33.13,-7.127
5506.78,26.089,23.437,33.13,-7.065
5510.88,26.088,23.437,33.13,-7.127
5514.97,26.088,23.437,33.13,-7.127
5519.09,26.087,23.437,33.13,-7.065
5523.2,26.087,23.375,33.13,-7.127
5527.29,26.086,23.437,33.13,-7.127
5531.39,26.086,23.437,33.13,-7.127
5535.49,26.085,23.437,33.13,-7.127
5539.58,26.085,23.437,33.13,-7.126
5543.68,26.085,23.437,33.13,-7.126
5547.77,26.084,23.375,33.13,-7.126
5551.87,26.084,23.437,33.13,-7.126
5555.97,26.083,23.375,33.13,-7.126
5560.06,26.083,23.375,33.13,-7.126
5564.16,26.083,23.375,33.13,-7.125
5568.25,26.082,23.375,33.13,-7.125
5572.35,26.082,23.312,33.12,-7.125
5576.45,26.081,23.375,33.12,-7.125
5580.54,26.081,23.312,33.12,-7.124
5584.64,26.081,23.312,33.12,-7.124
5588.73,26.081,23.375,33.12,-7.124
5592.83,26.08,23.312,33.12,-7.123
5596.93,26.08,23.375,33.12,-7.123
5601.02,26.08,23.312,33.12,-7.122
5605.12,26.079,23.312,33.12,-7.122
5609.21,26.079,23.375,33.12,-7.122
5613.31,26.079,23.375,33.12,-7.122
5617.41,26.079,23.312,33.12,-7.121
5621.5,26.079,23.312,33.12,-7.121
5625.6,26.079,23.312,33.12,-7.183
5629.69,26.078,23.312,33.12,-7.12
5633.79,26.078,23.312,33.12,-7.183
5637.89,26.078,23.312,33.12,-7.119
5641.98,26.078,23.312,33.12,-7.119
5646.08,26.078,23.312,33.12,-7.181
5650.17,26.078,23.312,33.12,-7.118
5654.27,26.078,23.312,33.12,-7.118
5658.37,26.078,23.312,33.12,-7.117
5662.46,26.078,23.312,33.12,-7.117
5666.56,26.078,23.312,33.12,-7.116
5670.65,26.078,23.312,33.12,-7.179
5674.75,26.078,23.312,33.12,-7.116
5678.85,26.078,23.312,33.12,-7.178
5682.94,26.078,23.312,33.11,-7.115
5687.04,26.078,23.312,33.11,-7.178
5691.13,26.078,23.312,33.11,-7.177
5695.23,26.078,23.312,33.11,-7.177
5699.33,26.078,23.312,33.11,-7.176
5703.42,26.078,23.312,33.11,-7.176
5707.52,26.078,23.312,33.11,-7.176
5711.61,26.078,23.25,33.11,-7.175
5715.71,26.078,23.312,33.11,-7.175
5719.81,26.078,23.25,33.11,-7.174
5723.9,26.078,23.312,33.11,-7.174
5728.0,26.078,23.25,33.11,-7.173
5732.09,26.078,23.25,33.11,-7.173
5736.19,26.078,23.25,33.11,-7.172
5740.29,26.078,23.25,33.11,-7.172
5744.38,26.078,23.25,33.11,-7.171
5748.48,26.079,23.25,33.11,-7.171
5752.57,26.079,23.312,33.11,-7.17
5756.67,26.079,23.25,33.11,-7.17
5760.77,26.079,23.312,33.11,-7.169
5764.86,26.079,23.25,33.11,-7.169
5768.96,26.079,23.312,33.11,-7.168
5773.05,26.079,23.25,33.1,-7.168
5777.15,26.079,23.25,33.1,-7.167
5781.25,26.079,23.25,33.1,-7.167
5785.34,26.079,23.25,33.1,-7.228
5789.44,26.08,23.25,33.1,-7.166
5793.53,26.08,23.25,33.1,-7.227
5797.63,26.08,23.25,33.1,-7.165
5801.73,26.08,23.25,33.1,-7.164
5805.82,26.08,23.25,33.1,-7.164
5809.92,26.08,23.25,33.1,-7.163
5814.01,26.08,23.25,33.1,-7.163
5818.11,26.08,23.25,33.1,-7.162
5822.21,26.08,23.25,33.1,-7.162
5826.3,26.081,23.25,33.1,-7.161
5830.4,26.081,23.25,33.1,-7.161
5834.49,26.081,23.25,33.1,-7.16
5838.59,26.081,23.25,33.1,-7.16
5842.69,26.081,23.25,33.1,-7.159
5846.78,26.081,23.312,33.1,-7.221
5850.88,26.081,23.25,33.1,-7.22
5854.97,26.082,23.25,33.09,-7.22
5859.07,26.082,23.187,33.09,-7.219
5863.17,26.082,23.25,33.09,-7.157
5867.26,26.082,23.25,33.09,-7.218
5871.36,26.082,23.25,33.09,-7.218
5875.45,26.082,23.187,33.09,-7.155
5879.55,26.082,23.25,33.09,-7.216
5883.65,26.083,23.25,33.09,-7.216
5887.74,26.083,23.312,33.09,-7.216
5891.84,26.083,23.312,33.09,-7.215
5895.93,26.083,23.312,33.09,-7.215
5900.03,26.083,23.312,33.09,-7.215
5904.13,26.083,23.312,33.09,-7.214
5908.22,26.084,23.25,33.09,-7.214
5912.32,26.084,23.312,33.09,-7.214
5916.41,26.084,23.312,33.09,-7.213
5920.51,26.084,23.312,33.09,-7.213
5924.61,26.084,23.312,33.09,-7.213
5928.7,26.084,23.312,33.09,-7.15
5932.8,26.085,23.312,33.09,-7.212
5936.89,26.085,23.312,33.09,-7.212
5940.99,26.085,23.312,33.09,-7.211
5945.09,26.085,23.312,33.09,-7.211
5949.18,26.085,23.312,33.09,-7.211
5953.28,26.086,23.375,33.09,-7.211
5957.37,26.086,23.312,33.09,-7.21
5961.47,26.086,23.312,33.09,-7.21
5965.57,26.086,23.312,33.08,-7.21
5969.66,26.086,23.312,33.08,-7.21
5973.76,26.086,23.312,33.08,-7.209
5977.85,26.087,23.312,33.08,-7.209
5981.95,26.087,23.312,33.08,-7.209
5986.05,26.087,23.312,33.08,-7.208
5990.14,26.087,23.312,33.08,-7.208
5994.24,26.087,23.312,33.08,-7.208
5998.33,26.087,23.312,33.08,-7.207
6002.43,26.088,23.312,33.08,-7.207
6006.53,26.088,23.312,33.08,-7.207
6010.62,26.088,23.312,33.08,-7.207
6014.72,26.088,23.312,33.08,-7.206
6018.81,26.088,23.312,33.08,-7.206
6022.91,26.089,23.312,33.08,-7.206
6027.01,26.089,23.25,33.08,-7.205
6031.1,26.089,23.312,33.08,-7.268
6035.2,26.089,23.25,33.08,-7.205
6039.29,26.09,23.25,33.08,-7.204
6043.39,26.09,23.312,33.08,-7.204
6047.49,26.09,23.312,33.08,-7.267
6051.58,26.09,23.312,33.08,-7.203
6055.68,26.09,23.312,33.08,-7.266
6059.77,26.091,23.312,33.08,-7.203
6063.87,26.091,23.312,33.08,-7.265
6067.97,26.091,23.312,33.08,-7.265
6072.06,26.091,23.312,33.08,-7.265
6076.16,26.091,23.312,33.08,-7.265
6080.25,26.092,23.312,33.08,-7.264
6084.35,26.092,23.25,33.08,-7.264
6088.45,26.092,23.25,33.08,-7.2
6092.54,26.092,23.187,33.07,-7.263
6096.64,26.092,23.25,33.07,-7.199
6100.73,26.093,23.25,33.07,-7.262
6104.83,26.093,23.25,33.07,-7.261
6108.93,26.093,23.25,33.07,-7.198
6113.02,26.093,23.312,33.07,-7.198
6117.12,26.093,23.187,33.07,-7.26
6121.21,26.094,23.187,33.07,-7.26
6125.31,26.094,23.187,33.07,-7.259
6129.41,26.094,23.187,33.07,-7.258
6133.5,26.094,23.187,33.07,-7.258
6137.6,26.094,23.187,33.07,-7.257
6141.69,26.095,23.187,33.07,-7.256
6145.79,26.095,23.187,33.07,-7.256
6149.89,26.095,23.187,33.07,-7.192
6153.98,26.095,23.187,33.07,-7.255
6158.08,26.095,23.187,33.07,-7.254
6162.17,26.096,23.187,33.07,-7.19
6166.27,26.096,23.187,33.06,-7.253
6170.37,26.096,23.187,33.06,-7.252
6174.46,26.096,23.187,33.06,-7.252
6178.56,26.096,23.187,33.06,-7.251
6182.65,26.097,23.187,33.06,-7.25
6186.75,26.097,23.187,33.06,-7.25
6190.85,26.097,23.187,33.06,-7.249
6194.94,26.097,23.187,33.06,-7.249
6199.04,26.097,23.187,33.06,-7.248
6203.13,26.098,23.187,33.06,-7.248
6207.23,26.098,23.187,33.06,-7.247
6211.33,26.098,23.187,33.06,-7.246
6215.42,26.098,23.187,33.06,-7.183
6219.52,26.098,23.187,33.06,-7.182
6223.61,26.099,23.187,33.06,-7.182
6227.71,26.099,23.187,33.06,-7.181
6231.81,26.099,23.187,33.06,-7.181
6235.9,26.099,23.187,33.05,-7.18
6240.0,26.1,23.187,33.05,-7.179
6244.09,26.1,23.187,33.05,-7.179
6248.19,26.1,23.25,33.05,-7.241
6252.29,26.1,23.187,33.05,-7.178
6256.38,26.101,23.25,33.05,-7.177
6260.48,26.101,23.25,33.05,-7.177
6264.57,26.101,23.187,33.05,-7.177
6268.67,26.101,23.25,33.05,-7.176
6272.77,26.101,23.25,33.05,-7.176
6276.86,26.102,23.25,33.05,-7.175
6280.96,26.102,23.25,33.05,-7.175
6285.05,26.102,23.25,33.05,-7.113
6289.15,26.102,23.25,33.05,-7.174
6293.25,26.103,23.25,33.05,-7.174
6297.34,26.103,23.25,33.05,-7.112
6301.44,26.103,23.25,33.05,-7.173
6305.53,26.103,23.312,33.05,-7.111
6309.63,26.104,23.312,33.05,-7.173
6313.73,26.104,23.312,33.05,-7.111
6317.82,26.104,23.25,33.05,-7.11
6321.92,26.104,23.25,33.05,-7.11
6326.01,26.104,23.312,33.05,-7.11
6330.11,26.105,23.25,33.05,-7.109
6334.21,26.105,23.312,33.05,-7.109
6338.3,26.105,23.312,33.05,-7.109
6342.4,26.105,23.312,33.05,-7.109
6346.49,26.106,23.312,33.05,-7.109
6350.59,26.106,23.312,33.05,-7.045
6354.69,26.106,23.312,33.05,-7.045
6358.78,26.106,23.375,33.05,-7.045
6362.88,26.107,23.312,33.05,-7.045
6366.97,26.107,23.375,33.05,-7.045
6371.07,26.107,23.312,33.04,-7.045
6375.17,26.107,23.312,33.04,-7.045
6379.26,26.107,23.312,33.04,-6.983
6383.36,26.108,23.312,33.04,-7.044
6387.45,26.108,23.312,33.04,-6.982
6391.55,26.108,23.312,33.04,-7.044
6395.65,26.108,23.375,33.04,-7.044
6399.74,26.109,23.312,33.04,-7.044
6403.84,26.109,23.312,33.04,-6.982
6407.93,26.109,23.312,33.04,-6.981
6412.03,26.109,23.375,33.04,-6.981
6416.13,26.11,23.375,33.04,-6.981
6420.22,26.11,23.375,33.04,-6.981
6424.32,26.11,23.375,33.04,-6.981
6428.41,26.11,23.375,33.04,-6.981
6432.51,26.111,23.312,33.04,-6.981
6436.61,26.111,23.312,33.04,-6.981
6440.7,26.111,23.375,33.04,-6.918
6444.8,26.111,23.375,33.04,-6.981
6448.89,26.112,23.375,33.04,-6.918
6452.99,26.112,23.375,33.04,-6.918
6457.09,26.112,23.375,33.04,-6.918
6461.18,26.112,23.375,33.04,-6.918
6465.28,26.112,23.437,33.04,-6.918
6469.37,26.113,23.437,33.04,-6.919
6473.47,26.113,23.437,33.04,-6.919
6477.57,26.113,23.375,33.04,-6.919
6481.66,26.113,23.375,33.04,-6.919
6485.76,26.114,23.5,33.04,-6.857
6489.85,26.114,23.562,33.04,-6.858
6493.95,26.114,23.437,33.04,-6.858
6498.05,26.114,23.5,33.05,-6.858
6502.14,26.114,23.5,33.05,-6.859
6506.24,26.115,23.562,33.05,-6.859
6510.33,26.115,23.562,33.05,-6.86
6514.43,26.115,23.562,33.05,-6.86
6518.53,26.115,23.5,33.05,-6.797
6522.62,26.116,23.5,33.05,-6.798
6526.72,26.116,23.562,33.05,-6.798
6530.81,26.116,23.437,33.05,-6.862
6534.91,26.116,23.437,33.05,-6.799
6539.01,26.117,23.437,33.05,-6.799
6543.1,26.117,23.5,33.05,-6.799
6547.2,26.117,23.5,33.05,-6.8
6551.29,26.117,23.5,33.05,-6.8
6555.39,26.118,23.5,33.05,-6.738
6559.49,26.118,23.5,33.05,-6.739
6563.58,26.118,23.5,33.05,-6.739
6567.68,26.118,23.437,33.05,-6.801
6571.77,26.119,23.5,33.05,-6.739
6575.87,26.119,23.437,33.05,-6.802
6579.97,26.119,23.5,33.05,-6.74
6584.06,26.119,23.5,33.05,-6.74
6588.16,26.12,23.5,33.05,-6.741
6592.25,26.12,23.5,33.05,-6.741
6596.35,26.12,23.5,33.05,-6.741
6600.45,26.12,23.5,33.05,-6.742
6604.54,26.121,23.5,33.05,-6.742
6608.64,26.121,23.5,33.05,-6.742
6612.73,26.121,23.5,33.05,-6.743
6616.83,26.121,23.562,33.06,-6.743
6620.93,26.122,23.5,33.06,-6.744
6625.02,26.122,23.562,33.06,-6.744
6629.12,26.122,23.562,33.06,-6.745
6633.21,26.122,23.5,33.06,-6.745
6637.31,26.123,23.5,33.06,-6.682
6641.41,26.123,23.562,33.06,-6.683
6645.5,26.123,23.562,33.06,-6.683
6649.6,26.123,23.562,33.06,-6.684
6653.69,26.123,23.625,33.06,-6.684
6657.79,26.124,23.625,33.06,-6.685
6661.89,26.124,23.562,33.06,-6.686
6665.98,26.124,23.625,33.06,-6.624
6670.08,26.124,23.562,33.06,-6.625
6674.17,26.125,23.625,33.06,-6.625
6678.27,26.125,23.625,33.06,-6.626
6682.37,26.125,23.562,33.06,-6.689
6686.46,26.125,23.625,33.06,-6.627
6690.56,26.126,23.625,33.06,-6.628
6694.65,26.126,23.625,33.07,-6.629
6698.75,26.126,23.625,33.07,-6.691
6702.85,26.126,23.625,33.07,-6.63
6706.94,26.127,23.625,33.07,-6.693
6711.04,26.127,23.625,33.07,-6.631
6715.13,26.127,23.625,33.07,-6.632
6719.23,26.127,23.625,33.07,-6.632
6723.33,26.128,23.625,33.07,-6.633
6727.42,26.128,23.687,33.07,-6.696
6731.52,26.128,23.687,33.07,-6.635
6735.61,26.128,23.625,33.07,-6.697
6739.71,26.129,23.625,33.07,-6.636
6743.81,26.129,23.687,33.07,-6.637
6747.9,26.129,23.687,33.07,-6.638
6752.0,26.129,23.625,33.08,-6.638
6756.09,26.129,23.625,33.08,-6.639
6760.19,26.13,23.687,33.08,-6.702
6764.29,26.13,23.687,33.08,-6.641
6768.38,26.13,23.687,33.08,-6.641
6772.48,26.13,23.687,33.08,-6.642
6776.57,26.131,23.687,33.08,-6.705
6780.67,26.131,23.687,33.08,-6.644
6784.77,26.131,23.687,33.08,-6.645
6788.86,26.131,23.625,33.08,-6.707
6792.96,26.131,23.687,33.08,-6.646
6797.05,26.132,23.625,33.08,-6.647
6801.15,26.132,23.625,33.08,-6.709
6805.25,26.132,23.625,33.08,-6.648
6809.34,26.132,23.687,33.09,-6.649
6813.44,26.132,23.687,33.09,-6.649
6817.53,26.133,23.687,33.09,-6.712
6821.63,26.133,23.625,33.09,-6.651
6825.73,26.133,23.687,33.09,-6.652
6829.82,26.133,23.687,33.09,-6.714
6833.92,26.133,23.625,33.09,-6.653
6838.01,26.133,23.625,33.09,-6.716
6842.11,26.134,23.625,33.09,-6.716
6846.21,26.134,23.625,33.09,-6.717
6850.3,26.134,23.625,33.09,-6.717
6854.4,26.134,23.625,33.09,-6.718
6858.49,26.134,23.625,33.09,-6.718
6862.59,26.135,23.625,33.09,-6.719
6866.69,26.135,23.625,33.09,-6.72
6870.78,26.135,23.625,33.1,-6.72
6874.88,26.135,23.625,33.1,-6.721
6878.97,26.135,23.625,33.1,-6.721
6883.07,26.135,23.625,33.1,-6.722
6887.17,26.136,23.625,33.1,-6.722
6891.26,26.136,23.625,33.1,-6.723
6895.36,26.136,23.625,33.1,-6.724
6899.47,26.136,23.625,33.1,-6.724
6903.58,26.136,23.625,33.1,-6.725
6907.68,26.137,23.625,33.1,-6.725
6911.77,26.137,23.625,33.1,-6.726
6915.87,26.137,23.625,33.1,-6.726
6919.97,26.137,23.625,33.1,-6.727
6924.06,26.137,23.625,33.1,-6.728
6928.16,26.138,23.625,33.1,-6.791
6932.25,26.138,23.625,33.1,-6.792
6936.35,26.138,23.562,33.1,-6.792
6940.45,26.138,23.625,33.1,-6.73
6944.54,26.138,23.562,33.1,-6.793
6948.64,26.139,23.562,33.11,-6.793
6952.73,26.139,23.562,33.11,-6.794
6956.83,26.139,23.562,33.11,-6.794
6960.93,26.139,23.625,33.11,-6.732
6965.02,26.139,23.562,33.11,-6.795
6969.12,26.139,23.625,33.11,-6.732
6973.21,26.14,23.562,33.11,-6.796
6977.31,26.14,23.562,33.11,-6.796
6981.41,26.14,23.562,33.11,-6.797
6985.5,26.14,23.562,33.11,-6.797
6989.6,26.14,23.562,33.11,-6.734
6993.69,26.14,23.562,33.11,-6.798
6997.79,26.14,23.562,33.11,-6.798
7001.89,26.141,23.562,33.11,-6.798
7005.98,26.141,23.562,33.11,-6.799
7010.08,26.141,23.5,33.11,-6.736
7014.17,26.141,23.562,33.11,-6.799
7018.27,26.141,23.562,33.11,-6.8
7022.37,26.141,23.562,33.11,-6.8
7026.46,26.141,23.5,33.11,-6.8
7030.56,26.142,23.5,33.11,-6.8
7034.65,26.142,23.562,33.11,-6.801
7038.75,26.142,23.562,33.11,-6.801
7042.85,26.142,23.5,33.11,-6.801
7046.94,26.142,23.5,33.11,-6.801
7051.04,26.142,23.5,33.11,-6.801
7055.13,26.142,23.5,33.11,-6.802
7059.23,26.143,23.562,33.11,-6.802
7063.33,26.143,23.5,33.11,-6.802
7067.42,26.143,23.5,33.11,-6.802
7071.52,26.143,23.5,33.11,-6.802
7075.61,26.143,23.5,33.11,-6.803
7079.71,26.143,23.5,33.11,-6.803
7083.81,26.144,23.5,33.11,-6.803
7087.9,26.144,23.5,33.12,-6.803
7092.0,26.144,23.5,33.12,-6.803
7096.1,26.144,23.5,33.12,-6.803
7100.19,26.144,23.5,33.12,-6.866
7104.29,26.144,23.5,33.12,-6.804
7108.38,26.144,23.5,33.12,-6.804
7112.48,26.145,23.5,33.12,-6.804
7116.57,26.145,23.5,33.12,-6.804
7120.67,26.145,23.5,33.12,-6.804
7124.77,26.145,23.5,33.12,-6.804
7128.86,26.145,23.437,33.12,-6.866
7132.96,26.145,23.5,33.12,-6.867
7137.05,26.145,23.5,33.12,-6.867
7141.15,26.146,23.5,33.12,-6.867
7145.25,26.146,23.5,33.12,-6.867
7149.34,26.146,23.437,33.12,-6.867
7153.44,26.146,23.437,33.12,-6.867
7157.53,26.146,23.5,33.12,-6.867
7161.63,26.146,23.437,33.12,-6.867
7165.73,26.146,23.5,33.12,-6.805
7169.82,26.147,23.5,33.12,-6.867
7173.92,26.147,23.5,33.12,-6.868
7178.01,26.147,23.437,33.12,-6.868
7182.11,26.147,23.437,33.12,-6.868
7186.21,26.147,23.437,33.12,-6.867
7190.3,26.147,23.5,33.12,-6.806
7194.4,26.147,23.437,33.12,-6.868
7198.49,26.147,23.437,33.12,-6.806
7202.59,26.147,23.437,33.12,-6.868
7206.69,26.148,23.437,33.12,-6.868
7210.78,26.148,23.437,33.12,-6.868
7214.88,26.148,23.437,33.12,-6.867
7218.97,26.148,23.437,33.12,-6.805
7223.07,26.148,23.437,33.12,-6.867
7227.17,26.148,23.437,33.12,-6.867
7231.26,26.148,23.437,33.12,-6.867
7235.36,26.148,23.437,33.12,-6.867
7239.45,26.148,23.437,33.12,-6.93
7243.55,26.148,23.437,33.12,-6.867
7247.65,26.148,23.437,33.12,-6.867
7251.74,26.148,23.437,33.12,-6.867
7255.84,26.148,23.437,33.12,-6.867
7259.93,26.148,23.375,33.12,-6.867
7264.03,26.148,23.375,33.12,-6.867
7268.13,26.148,23.375,33.12,-6.867
7272.22,26.148,23.375,33.12,-6.866
7276.32,26.148,23.375,33.12,-6.866
7280.41,26.148,23.437,33.12,-6.929
7284.51,26.148,23.375,33.12,-6.866
7288.61,26.148,23.375,33.12,-6.929
7292.7,26.148,23.437,33.12,-6.866
7296.8,26.148,23.437,33.12,-6.866
7300.89,26.148,23.437,33.12,-6.866
7304.99,26.148,23.437,33.12,-6.866
7309.09,26.148,23.375,33.12,-6.865
7313.18,26.148,23.437,33.12,-6.928
7317.28,26.148,23.437,33.12,-6.865
7321.37,26.148,23.437,33.12,-6.865
7325.47,26.148,23.437,33.12,-6.865
7329.57,26.148,23.437,33.12,-6.865
7333.66,26.147,23.437,33.12,-6.865
7337.76,26.147,23.437,33.12,-6.928
7341.85,26.147,23.437,33.12,-6.928
7345.95,26.147,23.375,33.12,-6.928
7350.05,26.147,23.375,33.11,-6.928
7354.14,26.146,23.375,33.11,-6.928
7358.24,26.146,23.437,33.11,-6.928
7362.33,26.146,23.375,33.11,-6.927
7366.43,26.146,23.375,33.11,-6.927
7370.53,26.145,23.375,33.11,-6.927
7374.62,26.145,23.375,33.11,-6.927
7378.72,26.145,23.375,33.11,-6.927
7382.81,26.145,23.437,33.11,-6.927
7386.91,26.144,23.375,33.11,-6.926
7391.01,26.144,23.375,33.11,-6.926
7395.1,26.144,23.312,33.11,-6.926
7399.2,26.143,23.375,33.11,-6.926
7403.29,26.143,23.375,33.11,-6.925
7407.39,26.143,23.375,33.11,-6.925
7411.49,26.142,23.312,33.11,-6.925
7415.58,26.142,23.375,33.11,-6.925
7419.68,26.141,23.312,33.11,-6.924
7423.77,26.141,23.375,33.11,-6.986
7427.87,26.141,23.375,33.11,-6.924
7431.97,26.14,23.375,33.11,-6.924
7436.06,26.14,23.375,33.11,-6.924
7440.16,26.139,23.375,33.11,-6.923
7444.25,26.139,23.375,33.11,-6.923
7448.35,26.138,23.375,33.11,-6.923
7452.45,26.138,23.375,33.11,-6.985
7456.54,26.137,23.375,33.11,-6.923
7460.64,26.137,23.375,33.11,-6.922
7464.73,26.136,23.375,33.11,-6.984
7468.83,26.136,23.375,33.11,-6.922
7472.93,26.135,23.375,33.11,-6.922
7477.02,26.135,23.375,33.11,-6.984
7481.12,26.134,23.375,33.11,-6.984
7485.21,26.133,23.312,33.11,-6.983
7489.31,26.133,23.312,33.11,-6.983
7493.41,26.132,23.375,33.11,-6.983
7497.5,26.131,23.312,33.11,-6.92
7501.6,26.131,23.312,33.11,-6.92
7505.69,26.13,23.312,33.11,-6.982
7509.79,26.129,23.312,33.11,-6.919
7513.89,26.129,23.312,33.11,-6.981
7517.98,26.128,23.312,33.11,-6.918
7522.08,26.127,23.312,33.11,-6.98
7526.17,26.126,23.312,33.1,-6.98
7530.27,26.126,23.312,33.1,-6.979
7534.37,26.125,23.312,33.1,-6.979
7538.46,26.124,23.312,33.1,-6.979
7542.56,26.123,23.312,33.1,-6.978
7546.65,26.122,23.312,33.1,-6.978
7550.75,26.121,23.312,33.1,-6.978
7554.85,26.12,23.312,33.1,-6.977
7558.94,26.119,23.312,33.1,-6.915
7563.04,26.119,23.312,33.1,-6.915
7567.13,26.118,23.312,33.1,-6.976
7571.23,26.117,23.312,33.1,-6.976
7575.33,26.116,23.312,33.1,-6.914
7579.42,26.115,23.312,33.1,-6.975
7583.52,26.114,23.312,33.1,-6.975
7587.61,26.113,23.312,33.1,-6.975
7591.71,26.112,23.312,33.1,-6.974
7595.81,26.111,23.312,33.1,-6.912
7599.9,26.11,23.312,33.1,-6.974
7604.0,26.109,23.312,33.1,-6.973
7608.09,26.108,23.312,33.1,-6.973
7612.19,26.106,23.312,33.1,-6.973
7616.29,26.105,23.312,33.1,-6.972
7620.38,26.104,23.312,33.1,-6.972
7624.48,26.103,23.312,33.1,-6.972
7628.57,26.102,23.312,33.1,-6.971
7632.67,26.101,23.312,33.1,-6.971
7636.77,26.1,23.312,33.1,-6.971
7640.86,26.099,23.312,33.1,-6.97
7644.96,26.098,23.312,33.09,-7.033
7649.05,26.096,23.312,33.09,-6.97
7653.15,26.095,23.25,33.09,-6.969
7657.25,26.094,23.25,33.09,-7.032
7661.34,26.093,23.312,33.09,-6.968
7665.44,26.092,23.312,33.09,-6.968
7669.53,26.09,23.25,33.09,-7.03
7673.63,26.089,23.25,33.09,-6.967
7677.73,26.088,23.25,33.09,-6.966
7681.82,26.087,23.25,33.09,-6.966
7685.92,26.085,23.25,33.09,-6.966
7690.01,26.084,23.25,33.09,-6.965
7694.11,26.083,23.25,33.09,-7.028
7698.21,26.081,23.25,33.09,-6.964
7702.3,26.08,23.25,33.09,-6.964
7706.4,26.079,23.25,33.09,-7.026
7710.49,26.078,23.25,33.09,-6.963
7714.59,26.076,23.25,33.09,-6.962
7718.69,26.075,23.187,33.09,-6.961
7722.78,26.073,23.25,33.09,-7.024
7726.88,26.072,23.25,33.09,-7.023
7730.97,26.071,23.25,33.09,-7.023
7735.07,26.069,23.25,33.08,-7.023
7739.17,26.068,23.25,33.08,-7.022
7743.26,26.067,23.25,33.08,-7.022
7747.36,26.065,23.25,33.08,-7.021
7751.45,26.064,23.25,33.08,-7.021
7755.55,26.062,23.25,33.08,-7.02
7759.65,26.061,23.25,33.08,-7.02
7763.74,26.059,23.25,33.08,-7.019
7767.84,26.058,23.25,33.08,-7.019
7771.93,26.057,23.187,33.08,-7.018
7776.03,26.055,23.187,33.08,-7.018
7780.13,26.054,23.187,33.08,-7.017
7784.22,26.052,23.187,33.08,-7.016
7788.32,26.051,23.187,33.08,-7.016
7792.41,26.049,23.187,33.08,-7.015
7796.51,26.048,23.187,33.08,-7.014
7800.61,26.046,23.187,33.08,-7.014
7804.7,26.045,23.187,33.08,-7.075
7808.8,26.043,23.187,33.07,-7.012
7812.89,26.042,23.187,33.07,-7.074
7816.99,26.041,23.187,33.07,-7.011
7821.09,26.039,23.187,33.07,-7.073
7825.18,26.038,23.187,33.07,-7.072
7829.28,26.036,23.187,33.07,-7.009
7833.37,26.035,23.187,33.07,-7.071
7837.47,26.033,23.125,33.07,-7.07
7841.57,26.032,23.125,33.07,-7.007
7845.66,26.03,23.125,33.07,-7.068
7849.76,26.029,23.125,33.07,-7.068
7853.85,26.028,23.125,33.07,-7.067
7857.95,26.026,23.187,33.07,-7.066
7862.05,26.025,23.125,33.07,-7.065
7866.14,26.023,23.125,33.06,-7.065
7870.24,26.022,23.125,33.06,-7.064
7874.33,26.02,23.125,33.06,-7.063
7878.43,26.019,23.125,33.06,-7.062
7882.53,26.017,23.187,33.06,-7.062
7886.62,26.016,23.125,33.06,-7.061
7890.72,26.015,23.125,33.06,-7.06
7894.81,26.013,23.125,33.06,-7.059
7898.91,26.012,23.125,33.06,-7.059
7903.01,26.01,23.125,33.06,-7.058
7907.1,26.009,23.125,33.06,-7.057
7911.2,26.007,23.125,33.06,-7.056
7915.29,26.006,23.125,33.06,-7.056
7919.39,26.005,23.125,33.05,-7.055
7923.49,26.003,23.125,33.05,-7.054
7927.58,26.002,23.125,33.05,-7.053
7931.68,26.0,23.125,33.05,-7.053
7935.77,25.999,23.125,33.05,-7.052
7939.87,25.998,23.125,33.05,-7.051
7943.97,25.996,23.125,33.05,-7.05
7948.06,25.995,23.125,33.05,-7.05
7952.16,25.993,23.125,33.05,-7.112
7956.25,25.992,23.125,33.05,-7.048
7960.35,25.991,23.125,33.05,-7.048
7964.45,25.989,23.125,33.05,-7.11
7968.54,25.988,23.125,33.05,-7.109
7972.64,25.987,23.125,33.05,-7.108
7976.73,25.985,23.125,33.04,-7.108
7980.83,25.985,23.125,33.04,-7.044
7984.93,25.984,23.125,33.04,-7.043
7989.02,25.983,23.125,33.04,-7.042
7993.12,25.982,23.125,33.04,-7.105
7997.21,25.982,23.125,33.04,-7.041
8001.31,25.981,23.125,33.04,-7.103
8005.41,25.98,23.125,33.04,-7.103
8009.5,25.98,23.062,33.04,-7.102
8013.6,25.979,23.125,33.04,-7.101
8017.69,25.978,23.125,33.04,-7.1
8021.79,25.977,23.062,33.04,-7.099
8025.89,25.977,23.062,33.04,-7.099
8029.98,25.976,23.125,33.03,-7.098
8034.08,25.975,23.125,33.03,-7.097
8038.17,25.975,23.125,33.03,-7.097
8042.27,25.974,23.125,33.03,-7.096
8046.37,25.973,23.125,33.03,-7.095
8050.46,25.972,23.125,33.03,-7.094
8054.56,25.972,23.125,33.03,-7.094
8058.65,25.971,23.125,33.03,-7.093
8062.75,25.97,23.125,33.03,-7.092
8066.85,25.97,23.062,33.03,-7.029
8070.94,25.969,23.062,33.03,-7.091
8075.04,25.968,23.062,33.03,-7.09
8079.13,25.967,23.125,33.03,-7.089
8083.23,25.967,23.062,33.03,-7.088
8087.33,25.966,23.125,33.02,-7.088
8091.42,25.965,23.062,33.02,-7.149
8095.52,25.964,23.062,33.02,-7.148
8099.61,25.964,23.125,33.02,-7.085
8103.71,25.963,23.062,33.02,-7.147
8107.81,25.962,23.062,33.02,-7.084
8111.9,25.962,23.062,33.02,-7.083
8116.0,25.961,23.062,33.02,-7.082
8120.09,25.96,23.062,33.02,-7.081
8124.19,25.959,23.062,33.02,-7.08
8128.29,25.959,23.062,33.02,-7.08
8132.38,25.958,23.062,33.02,-7.141
8136.48,25.957,23.062,33.01,-7.078
8140.57,25.957,23.062,33.01,-7.139
8144.67,25.956,23.062,33.01,-7.076
8148.77,25.955,23.062,33.01,-7.076
8152.86,25.954,23.062,33.01,-7.137
8156.96,25.954,23.062,33.01,-7.136
8161.05,25.953,23.062,33.01,-7.135
8165.15,25.952,23.062,33.01,-7.134
8169.25,25.951,23.062,33.01,-7.134
8173.34,25.951,23.062,33.01,-7.133
8177.44,25.95,23.062,33.01,-7.07
8181.53,25.949,23.062,33.01,-7.069
8185.63,25.949,23.062,33.01,-7.13
8189.73,25.948,23.062,33.0,-7.13
8193.82,25.947,23.062,33.0,-7.129
8197.92,25.946,23.062,33.0,-7.128
8202.01,25.946,23.062,33.0,-7.127
8206.11,25.945,23.062,33.0,-7.126
8210.21,25.944,23.062,33.0,-7.064
8214.3,25.944,23.062,33.0,-7.125
8218.4,25.943,23.062,33.0,-7.124
8222.49,25.942,23.062,33.0,-7.123
8226.59,25.941,23.062,33.0,-7.123
8230.69,25.941,23.062,33.0,-7.122
8234.78,25.94,23.062,33.0,-7.121
8238.88,25.939,23.062,33.0,-7.183
8242.97,25.939,23.062,32.99,-7.12
8247.07,25.938,23.062,32.99,-7.119
8251.17,25.937,23.062,32.99,-7.118
8255.26,25.936,23.062,32.99,-7.117
8259.36,25.936,23.062,32.99,-7.117
8263.45,25.935,23.062,32.99,-7.116
8267.55,25.934,23.062,32.99,-7.115
8271.65,25.933,23.062,32.99,-7.114
8275.74,25.933,23.062,32.99,-7.114
8279.84,25.932,23.062,32.99,-7.113
8283.93,25.931,23.062,32.99,-7.112
8288.03,25.93,23.062,32.99,-7.111
8292.13,25.93,23.062,32.99,-7.111
8296.22,25.929,23.062,32.98,-7.11
8300.32,25.928,23.062,32.98,-7.109
8304.41,25.927,23.062,32.98,-7.108
8308.51,25.927,23.062,32.98,-7.108
8312.61,25.926,23.062,32.98,-7.107
8316.7,25.925,23.062,32.98,-7.106
8320.8,25.925,23.062,32.98,-7.106
8324.89,25.924,23.062,32.98,-7.105
8328.99,25.923,23.062,32.98,-7.167
8333.09,25.922,23.062,32.98,-7.103
8337.18,25.922,23.062,32.98,-7.166
8341.28,25.921,23.062,32.98,-7.102
8345.37,25.92,23.062,32.98,-7.164
8349.47,25.919,23.062,32.98,-7.164
8353.57,25.919,23.062,32.97,-7.1
8357.66,25.918,23.062,32.97,-7.162
8361.76,25.917,23.062,32.97,-7.162
8365.85,25.916,23.062,32.97,-7.161
8369.95,25.916,23.0,32.97,-7.16
8374.05,25.915,23.0,32.97,-7.159
8378.14,25.914,23.062,32.97,-7.158
8382.24,25.913,23.062,32.97,-7.158
8386.33,25.913,23.062,32.97,-7.157
8390.43,25.912,23.062,32.97,-7.156
8394.53,25.911,23.062,32.97,-7.093
8398.62,25.911,23.062,32.97,-7.155
8402.72,25.91,23.062,32.97,-7.154
8406.81,25.909,23.062,32.97,-7.154
8410.91,25.908,23.062,32.96,-7.09
8415.01,25.908,23.0,32.96,-7.089
8419.1,25.907,23.0,32.96,-7.151
8423.2,25.906,23.0,32.96,-7.15
8427.29,25.906,23.062,32.96,-7.15
8431.39,25.905,23.0,32.96,-7.149
8435.49,25.904,23.062,32.96,-7.085
8439.58,25.903,23.062,32.96,-7.148
8443.68,25.903,23.062,32.96,-7.147
8447.77,25.902,23.062,32.96,-7.146
8451.87,25.901,23.062,32.96,-7.083
8455.97,25.901,23.0,32.96,-7.145
8460.06,25.9,23.0,32.96,-7.144
8464.16,25.899,23.0,32.96,-7.143
8468.25,25.898,23.0,32.95,-7.142
8472.35,25.898,23.0,32.95,-7.142
8476.45,25.897,23.0,32.95,-7.141
8480.54,25.896,23.062,32.95,-7.14
8484.64,25.896,23.0,32.95,-7.139
8488.73,25.895,23.0,32.95,-7.075
8492.83,25.894,23.0,32.95,-7.138
8496.93,25.893,23.0,32.95,-7.137
8501.02,25.893,23.0,32.95,-7.136
8505.12,25.892,23.0,32.95,-7.135
8509.21,25.891,23.0,32.95,-7.134
8513.31,25.891,23.0,32.95,-7.134
8517.41,25.89,23.0,32.94,-7.133
8521.5,25.889,23.0,32.94,-7.132
8525.6,25.888,23.062,32.94,-7.193
8529.69,25.888,23.0,32.94,-7.131
8533.79,25.887,23.0,32.94,-7.13
8537.89,25.886,23.0,32.94,-7.191
8541.98,25.886,23.0,32.94,-7.19
8546.08,25.885,23.0,32.94,-7.19
8550.17,25.884,23.0,32.94,-7.127
8554.27,25.883,23.0,32.94,-7.126
8558.37,25.883,23.0,32.94,-7.125
8562.46,25.882,23.0,32.94,-7.186
8566.56,25.881,23.0,32.94,-7.186
8570.65,25.88,22.937,32.93,-7.123
8574.75,25.88,23.0,32.93,-7.122
8578.85,25.879,23.0,32.93,-7.121
8582.94,25.878,23.0,32.93,-7.12
8587.04,25.877,22.937,32.93,-7.182
8591.13,25.877,22.937,32.93,-7.181
8595.23,25.876,22.937,32.93,-7.18
8599.33,25.875,22.937,32.93,-7.179
8603.42,25.874,22.937,32.93,-7.178
8607.52,25.874,22.937,32.93,-7.177
8611.61,25.873,22.937,32.93,-7.176
8615.71,25.872,22.937,32.93,-7.175
8619.81,25.871,22.937,32.92,-7.112
8623.9,25.871,22.937,32.92,-7.173
8628.0,25.87,22.937,32.92,-7.172
8632.09,25.869,22.937,32.92,-7.171
8636.19,25.868,22.937,32.92,-7.171
8640.29,25.868,22.937,32.92,-7.17
8644.38,25.867,22.937,32.92,-7.169
8648.48,25.866,22.937,32.92,-7.168
8652.57,25.865,22.937,32.92,-7.167
8656.67,25.865,22.937,32.92,-7.166
8660.77,25.864,22.937,32.92,-7.165
8664.86,25.863,22.937,32.91,-7.164
8668.96,25.862,22.937,32.91,-7.163
8673.05,25.861,22.937,32.91,-7.163
8677.15,25.861,22.937,32.91,-7.162
8681.25,25.86,22.875,32.91,-7.161
8685.34,25.859,22.875,32.91,-7.16
8689.44,25.858,22.937,32.91,-7.159
8693.53,25.858,22.875,32.91,-7.158
8697.63,25.857,22.875,32.91,-7.157
8701.73,25.856,22.875,32.91,-7.156
8705.82,25.855,22.875,32.9,-7.154
8709.92,25.854,22.937,32.9,-7.154
8714.01,25.854,22.875,32.9,-7.153
8718.11,25.853,22.875,32.9,-7.152
8722.21,25.852,22.875,32.9,-7.151
8726.3,25.851,22.875,32.9,-7.15
8730.4,25.851,22.875,32.9,-7.149
8734.49,25.85,22.875,32.9,-7.147
8738.59,25.849,22.875,32.9,-7.146
8742.69,25.848,22.875,32.9,-7.145
8746.78,25.848,22.812,32.89,-7.207
8750.88,25.847,22.812,32.89,-7.206
8754.97,25.846,22.875,32.89,-7.205
8759.07,25.845,22.875,32.89,-7.204
8763.17,25.844,22.875,32.89,-7.14
8767.26,25.844,22.812,32.89,-7.202
8771.36,25.843,22.812,32.89,-7.201
8775.45,25.842,22.812,32.89,-7.2
8779.55,25.841,22.875,32.89,-7.199
8783.65,25.841,22.875,32.88,-7.135
8787.74,25.84,22.875,32.88,-7.197
8791.84,25.839,22.875,32.88,-7.196
8795.93,25.838,22.875,32.88,-7.195
8800.03,25.838,22.812,32.88,-7.131
8804.13,25.837,22.875,32.88,-7.193
8808.22,25.836,22.875,32.88,-7.192
8812.32,25.835,22.875,32.88,-7.191
8816.41,25.835,22.812,32.88,-7.19
8820.51,25.834,22.812,32.88,-7.188
8824.61,25.833,22.812,32.87,-7.187
8828.7,25.833,22.812,32.87,-7.186
8832.8,25.832,22.812,32.87,-7.185
8836.89,25.831,22.812,32.87,-7.184
8840.99,25.83,22.812,32.87,-7.183
8845.09,25.83,22.812,32.87,-7.182
8849.18,25.829,22.812,32.87,-7.181
8853.28,25.828,22.812,32.87,-7.179
8857.37,25.828,22.812,32.87,-7.178
8861.47,25.827,22.812,32.86,-7.177
8865.57,25.826,22.812,32.86,-7.176
8869.66,25.826,22.812,32.86,-7.175
8873.76,25.825,22.75,32.86,-7.174
8877.85,25.824,22.75,32.86,-7.172
8881.95,25.824,22.812,32.86,-7.171
8886.05,25.823,22.812,32.86,-7.17
8890.14,25.822,22.812,32.86,-7.169
8894.24,25.822,22.812,32.86,-7.23
8898.33,25.821,22.75,32.85,-7.167
8902.43,25.82,22.812,32.85,-7.228
8906.53,25.819,22.812,32.85,-7.165
8910.62,25.819,22.812,32.85,-7.164
8914.72,25.818,22.75,32.85,-7.162
8918.81,25.817,22.812,32.85,-7.223
8922.91,25.817,22.812,32.85,-7.16
8927.01,25.816,22.812,32.85,-7.221
8931.1,25.815,22.812,32.85,-7.22
8935.2,25.815,22.812,32.84,-7.219
8939.29,25.814,22.812,32.84,-7.156
8943.39,25.813,22.812,32.84,-7.217
8947.49,25.813,22.812,32.84,-7.154
8951.58,25.812,22.812,32.84,-7.153
8955.68,25.811,22.812,32.84,-7.214
8959.77,25.811,22.812,32.84,-7.151
8963.87,25.81,22.812,32.84,-7.15
8967.97,25.809,22.75,32.84,-7.211
8972.06,25.809,22.812,32.83,-7.148
8976.16,25.808,22.812,32.83,-7.209
8980.25,25.807,22.812,32.83,-7.146
8984.35,25.807,22.812,32.83,-7.207
8988.45,25.806,22.75,32.83,-7.144
8992.54,25.805,22.75,32.83,-7.142
8996.64,25.805,22.75,32.83,-7.141
