seconds,t_motor,t_ambient
1.6,22.0,22.437
5.7,22.0,22.437
9.8,22.0,22.437
13.9,22.0,22.437
17.99,22.0,22.5
22.09,22.0,22.5
26.19,22.0,22.5
30.28,22.06,22.5
34.38,22.0,22.5
38.47,22.0,22.5
42.6,22.0,22.5
46.7,22.06,22.5
50.79,22.06,22.437
54.89,22.12,22.437
58.99,22.12,22.437
63.08,22.19,22.5
67.18,22.19,22.5
71.27,22.19,22.5
75.37,22.25,22.437
79.47,22.25,22.5
83.56,22.31,22.5
87.66,22.38,22.437
91.75,22.38,22.5
95.85,22.38,22.437
99.95,22.44,22.5
104.04,22.44,22.5
108.14,22.5,22.437
112.23,22.56,22.5
116.33,22.56,22.437
120.43,22.56,22.437
124.52,22.62,22.437
128.62,22.69,22.437
132.71,22.75,22.437
136.81,22.75,22.437
140.91,22.81,22.437
145.0,22.88,22.5
149.1,22.88,22.5
153.19,22.94,22.437
157.29,23.0,22.5
161.39,23.0,22.437
165.48,23.06,22.5
169.58,23.12,22.437
173.67,23.19,22.437
177.77,23.19,22.437
181.87,23.25,22.437
185.96,23.31,22.5
190.06,23.31,22.437
194.15,23.38,22.437
198.25,23.44,22.5
202.35,23.5,22.437
206.44,23.56,22.5
210.54,23.56,22.437
214.63,23.62,22.437
218.73,23.69,22.437
222.83,23.75,22.437
226.92,23.75,22.437
231.02,23.81,22.437
235.11,23.88,22.5
239.21,23.94,22.437
243.31,23.94,22.437
247.4,24.0,22.437
251.5,24.0,22.437
255.59,24.12,22.437
259.69,24.19,22.5
263.79,24.19,22.437
267.88,24.25,22.5
271.98,24.31,22.437
276.07,24.38,22.437
280.17,24.38,22.437
284.27,24.44,22.437
288.36,24.5,22.437
292.46,24.56,22.5
296.55,24.62,22.437
300.65,24.69,22.5
304.75,24.69,22.437
308.84,24.75,22.437
312.94,24.81,22.437
317.03,24.81,22.437
321.13,24.88,22.437
325.23,24.94,22.437
329.32,25.0,22.437
333.42,25.06,22.437
337.51,25.12,22.437
341.61,25.12,22.437
345.71,25.19,22.437
349.8,25.25,22.437
353.9,25.25,22.437
357.99,25.31,22.437
362.09,25.38,22.437
366.19,25.44,22.437
370.28,25.44,22.437
374.38,25.5,22.437
378.47,25.5,22.437
382.57,25.62,22.437
386.67,25.62,22.437
390.76,25.69,22.437
394.86,25.75,22.437
398.95,25.75,22.437
403.05,25.81,22.437
407.15,25.88,22.437
411.24,25.94,22.437
415.34,25.94,22.437
419.43,26.0,22.437
423.53,26.06,22.437
427.63,26.06,22.437
431.72,26.12,22.437
435.82,26.12,22.437
439.91,26.19,22.437
444.01,26.25,22.437
448.11,26.25,22.437
452.2,26.31,22.437
456.3,26.38,22.437
460.39,26.44,22.437
464.49,26.44,22.437
468.59,26.5,22.437
472.68,26.56,22.437
476.78,26.56,22.437
480.87,26.62,22.437
484.97,26.62,22.437
489.07,26.75,22.437
493.16,26.75,22.437
497.26,26.81,22.437
501.35,26.81,22.437
505.45,26.88,22.437
509.55,26.94,22.437
513.64,26.94,22.437
517.74,27.0,22.437
521.83,27.06,22.437
525.93,27.06,22.437
530.03,27.12,22.437
534.12,27.19,22.437
538.22,27.19,22.437
542.31,27.25,22.437
546.41,27.25,22.437
550.51,27.31,22.437
554.6,27.31,22.437
558.7,27.38,22.437
562.79,27.44,22.437
566.89,27.44,22.437
570.99,27.5,22.437
575.08,27.56,22.437
579.18,27.56,22.437
583.27,27.62,22.437
587.37,27.62,22.437
591.47,27.75,22.437
595.56,27.75,22.437
599.66,27.75,22.437
603.75,27.81,22.437
607.85,27.88,22.437
611.95,27.88,22.437
616.04,28.0,22.437
620.14,28.0,22.437
624.23,28.0,22.437
628.33,28.06,22.437
632.43,28.06,22.375
636.52,28.12,22.437
640.62,28.12,22.437
644.71,28.19,22.437
648.81,28.25,22.437
652.91,28.25,22.437
657.0,28.31,22.437
661.1,28.31,22.437
665.19,28.38,22.437
669.29,28.38,22.437
673.39,28.44,22.437
677.48,28.5,22.437
681.58,28.5,22.437
685.67,28.56,22.437
689.77,28.56,22.437
693.87,28.62,22.375
697.96,28.69,22.437
702.06,28.69,22.375
706.15,28.75,22.437
710.25,28.81,22.437
714.35,28.81,22.437
718.44,28.81,22.437
722.54,28.88,22.437
726.63,28.88,22.375
730.73,28.94,22.437
734.83,28.94,22.437
738.92,29.0,22.375
743.02,29.0,22.437
747.11,29.06,22.375
751.21,29.06,22.437
755.31,29.12,22.375
759.4,29.12,22.437
763.5,29.19,22.437
767.59,29.19,22.375
771.69,29.25,22.437
775.79,29.31,22.437
779.88,29.31,22.437
783.98,29.31,22.437
788.07,29.38,22.437
792.17,29.38,22.437
796.27,29.44,22.375
800.36,29.5,22.437
804.46,29.5,22.375
808.55,29.56,22.375
812.65,29.56,22.375
816.75,29.56,22.437
820.84,29.62,22.437
824.94,29.69,22.375
829.03,29.69,22.375
833.13,29.75,22.375
837.23,29.75,22.437
841.32,29.75,22.437
845.42,29.81,22.437
849.51,29.88,22.375
853.61,29.81,22.375
857.71,29.88,22.437
861.8,29.94,22.437
865.9,29.94,22.437
869.99,30.0,22.437
874.09,30.0,22.437
878.18,30.06,22.375
882.28,30.06,22.375
886.38,30.12,22.375
890.47,30.12,22.375
894.57,30.12,22.375
898.67,30.19,22.375
902.76,30.19,22.437
906.86,30.25,22.375
910.95,30.25,22.437
915.05,30.31,22.437
919.15,30.31,22.375
923.24,30.38,22.375
927.34,30.38,22.437
931.43,30.38,22.375
935.53,30.44,22.375
939.63,30.44,22.375
943.72,30.5,22.437
947.82,30.5,22.437
951.91,30.56,22.437
956.01,30.56,22.437
960.1,30.56,22.375
964.2,30.62,22.375
968.3,30.62,22.375
972.39,30.69,22.375
976.49,30.69,22.375
980.59,30.75,22.375
984.68,30.75,22.375
988.78,30.75,22.375
992.87,30.75,22.375
996.97,30.81,22.437
1001.07,30.81,22.375
1005.16,30.87,22.437
1009.26,30.87,22.437
1013.35,30.87,22.437
1017.45,30.94,22.375
1021.55,30.94,22.375
1025.64,31.0,22.375
1029.74,31.0,22.375
1033.83,31.0,22.375
1037.93,31.06,22.437
1042.03,31.06,22.437
1046.12,31.12,22.375
1050.22,31.12,22.437
1054.31,31.12,22.375
1058.41,31.19,22.375
1062.51,31.19,22.375
1066.6,31.25,22.437
1070.7,31.25,22.375
1074.79,31.25,22.437
1078.89,31.31,22.437
1082.99,31.31,22.437
1087.08,31.31,22.437
1091.18,31.37,22.375
1095.27,31.37,22.437
1099.37,31.44,22.375
1103.47,31.44,22.375
1107.56,31.44,22.375
1111.66,31.5,22.375
1115.75,31.5,22.375
1119.85,31.5,22.375
1123.95,31.56,22.375
1128.04,31.56,22.375
1132.14,31.62,22.437
1136.23,31.62,22.375
1140.33,31.62,22.375
1144.43,31.69,22.375
1148.52,31.69,22.375
1152.62,31.69,22.375
1156.71,31.75,22.375
1160.81,31.75,22.375
1164.91,31.75,22.375
1169.0,31.81,22.375
1173.1,31.81,22.375
1177.19,31.87,22.375
1181.29,31.87,22.375
1185.39,31.87,22.375
1189.48,31.94,22.375
1193.58,31.94,22.375
1197.67,32.0,22.375
1201.77,32.0,22.375
1205.87,32.0,22.375
1209.96,32.0,22.375
1214.06,32.06,22.375
1218.15,32.06,22.375
1222.25,32.06,22.375
1226.35,32.12,22.375
1230.44,32.12,22.375
1234.54,32.12,22.375
1238.63,32.19,22.375
1242.73,32.19,22.375
1246.83,32.19,22.375
1250.92,32.25,22.375
1255.02,32.25,22.375
1259.11,32.25,22.375
1263.21,32.31,22.375
1267.31,32.25,22.375
1271.4,32.31,22.375
1275.5,32.38,22.375
1279.59,32.38,22.437
1283.69,32.38,22.375
1287.79,32.38,22.375
1291.88,32.44,22.375
1295.98,32.44,22.375
1300.07,32.44,22.375
1304.17,32.5,22.375
1308.27,32.5,22.375
1312.36,32.5,22.375
1316.46,32.56,22.375
1320.55,32.56,22.375
1324.65,32.56,22.375
1328.75,32.62,22.375
1332.84,32.62,22.437
1336.94,32.62,22.375
1341.03,32.69,22.375
1345.13,32.69,22.375
1349.23,32.69,22.375
1353.32,32.75,22.375
1357.42,32.75,22.375
1361.51,32.75,22.375
1365.61,32.75,22.375
1369.71,32.81,22.375
1373.8,32.81,22.375
1377.9,32.81,22.375
1381.99,32.88,22.375
1386.09,32.88,22.375
1390.19,32.88,22.375
1394.28,32.94,22.375
1398.38,32.94,22.375
1402.47,33.0,22.375
1406.57,33.0,22.375
1410.67,33.0,22.375
1414.76,33.0,22.375
1418.86,33.06,22.375
1422.95,33.06,22.375
1427.05,33.12,22.375
1431.15,33.06,22.375
1435.24,33.12,22.375
1439.34,33.12,22.375
1443.43,33.12,22.312
1447.53,33.12,22.375
1451.63,33.19,22.375
1455.72,33.19,22.375
1459.82,33.19,22.375
1463.91,33.25,22.375
1468.01,33.25,22.375
1472.11,33.25,22.375
1476.2,33.31,22.375
1480.3,33.25,22.375
1484.39,33.31,22.375
1488.49,33.31,22.375
1492.59,33.31,22.375
1496.68,33.38,22.375
1500.78,33.38,22.375
1504.87,33.38,22.375
1508.97,33.38,22.375
1513.07,33.44,22.375
1517.16,33.44,22.375
1521.26,33.5,22.375
1525.35,33.5,22.375
1529.45,33.5,22.375
1533.55,33.5,22.375
1537.64,33.56,22.375
1541.74,33.5,22.375
1545.83,33.5,22.375
1549.93,33.56,22.375
1554.03,33.56,22.375
1558.12,33.62,22.312
1562.22,33.62,22.375
1566.31,33.62,22.375
1570.41,33.69,22.375
1574.51,33.69,22.375
1578.6,33.69,22.375
1582.7,33.69,22.375
1586.79,33.75,22.375
1590.89,33.75,22.375
1594.99,33.75,22.375
1599.08,33.75,22.375
1603.18,33.81,22.375
1607.27,33.81,22.375
1611.37,33.81,22.375
1615.47,33.88,22.312
1619.56,33.88,22.375
1623.66,33.88,22.312
1627.75,33.88,22.375
1631.85,33.88,22.312
1635.95,33.94,22.312
1640.04,33.94,22.312
1644.14,34.0,22.375
1648.23,33.94,22.312
1652.33,33.94,22.312
1656.43,34.0,22.312
1660.52,34.0,22.375
1664.62,34.0,22.375
1668.71,34.0,22.375
1672.81,34.0,22.375
1676.91,34.06,22.375
1681.0,34.06,22.375
1685.1,34.06,22.375
1689.19,34.06,22.375
1693.29,34.06,22.375
1697.39,34.12,22.312
1701.48,34.12,22.312
1705.58,34.12,22.312
1709.67,34.12,22.312
1713.77,34.19,22.312
1717.87,34.19,22.312
1721.96,34.19,22.312
1726.06,34.19,22.312
1730.15,34.25,22.375
1734.25,34.25,22.312
1738.35,34.25,22.375
1742.44,34.25,22.312
1746.54,34.25,22.312
1750.63,34.25,22.312
1754.73,34.31,22.312
1758.83,34.31,22.312
1762.92,34.31,22.312
1767.02,34.31,22.312
1771.11,34.31,22.312
1775.21,34.31,22.375
1779.31,34.31,22.312
1783.4,34.31,22.312
1787.5,34.31,22.312
1791.59,34.38,22.312
1795.69,34.38,22.312
1799.79,34.38,22.312
1803.88,34.38,22.312
1807.98,34.38,22.375
1812.07,34.44,22.312
1816.17,34.44,22.375
1820.27,34.44,22.312
1824.36,34.44,22.375
1828.46,34.44,22.312
1832.55,34.5,22.312
1836.65,34.5,22.312
1840.75,34.5,22.312
1844.84,34.5,22.312
1848.94,34.5,22.312
1853.03,34.5,22.312
1857.13,34.56,22.25
1861.23,34.5,22.312
1865.32,34.56,22.312
1869.42,34.56,22.312
1873.51,34.56,22.312
1877.61,34.56,22.312
1881.71,34.56,22.312
1885.8,34.62,22.312
1889.9,34.62,22.312
1893.99,34.62,22.312
1898.09,34.62,22.375
1902.19,34.62,22.312
1906.28,34.62,22.312
1910.38,34.62,22.312
1914.47,34.69,22.375
1918.57,34.69,22.375
1922.67,34.62,22.312
1926.76,34.69,22.312
1930.86,34.69,22.312
1934.95,34.69,22.312
1939.05,34.69,22.312
1943.15,34.69,22.375
1947.24,34.69,22.312
1951.34,34.69,22.312
1955.43,34.69,22.312
1959.53,34.75,22.312
1963.63,34.75,22.312
1967.72,34.75,22.312
1971.82,34.75,22.375
1975.91,34.75,22.312
1980.01,34.75,22.312
1984.11,34.75,22.312
1988.2,34.75,22.312
1992.3,34.75,22.312
1996.39,34.81,22.312
2000.49,34.81,22.375
2004.59,34.81,22.312
2008.68,34.81,22.312
2012.78,34.81,22.312
2016.87,34.81,22.312
2020.97,34.88,22.312
2025.07,34.81,22.312
2029.16,34.81,22.312
2033.26,34.81,22.312
2037.35,34.81,22.312
2041.45,34.88,22.312
2045.55,34.88,22.312
2049.64,34.88,22.312
2053.74,34.94,22.312
2057.83,34.88,22.312
2061.93,34.88,22.312
2066.03,34.94,22.312
2070.12,34.94,22.312
2074.22,34.94,22.312
2078.31,34.94,22.25
2082.41,34.94,22.312
2086.51,34.94,22.25
2090.6,34.94,22.312
2094.7,35.0,22.312
2098.79,34.94,22.25
2102.89,35.0,22.312
2106.99,34.94,22.25
2111.08,34.94,22.312
2115.18,35.0,22.312
2119.27,35.0,22.312
2123.37,35.0,22.312
2127.47,35.0,22.312
2131.56,35.0,22.312
2135.66,35.0,22.312
2139.75,35.0,22.312
2143.85,35.0,22.312
2147.95,35.0,22.312
2152.04,35.0,22.312
2156.14,35.0,22.312
2160.23,35.06,22.312
2164.33,35.0,22.312
2168.43,35.06,22.312
2172.52,35.06,22.312
2176.62,35.06,22.312
2180.71,35.06,22.312
2184.81,35.06,22.312
2188.91,35.06,22.312
2193.0,35.06,22.312
2197.1,35.12,22.312
2201.19,35.12,22.312
2205.29,35.12,22.312
2209.39,35.12,22.312
2213.48,35.12,22.25
2217.58,35.12,22.312
2221.67,35.12,22.312
2225.77,35.12,22.312
2229.87,35.12,22.312
2233.96,35.12,22.312
2238.06,35.12,22.312
2242.15,35.12,22.312
2246.25,35.19,22.312
2250.35,35.19,22.312
2254.44,35.19,22.312
2258.54,35.19,22.312
2262.63,35.19,22.312
2266.73,35.19,22.312
2270.83,35.19,22.312
2274.92,35.19,22.312
2279.02,35.19,22.312
2283.11,35.19,22.312
2287.21,35.19,22.312
2291.31,35.19,22.312
2295.4,35.25,22.25
2299.5,35.25,22.312
2303.59,35.25,22.312
2307.69,35.25,22.312
2311.79,35.25,22.312
2315.88,35.25,22.312
2319.98,35.25,22.312
2324.07,35.25,22.312
2328.17,35.25,22.312
2332.27,35.25,22.25
2336.36,35.25,22.25
2340.46,35.25,22.312
2344.55,35.25,22.312
2348.65,35.25,22.312
2352.75,35.25,22.312
2356.84,35.31,22.25
2360.94,35.25,22.25
2365.03,35.31,22.312
2369.13,35.31,22.312
2373.23,35.31,22.312
2377.32,35.31,22.25
2381.42,35.31,22.312
2385.51,35.31,22.312
2389.61,35.31,22.25
2393.71,35.31,22.312
2397.8,35.38,22.312
2401.9,35.31,22.312
2405.99,35.38,22.312
2410.09,35.38,22.25
2414.19,35.38,22.25
2418.28,35.38,22.312
2422.38,35.38,22.25
2426.47,35.38,22.312
2430.57,35.38,22.25
2434.67,35.38,22.312
2438.76,35.38,22.25
2442.86,35.38,22.312
2446.95,35.38,22.312
2451.05,35.38,22.25
2455.15,35.38,22.312
2459.24,35.38,22.25
2463.34,35.44,22.312
2467.43,35.38,22.312
2471.53,35.44,22.312
2475.63,35.44,22.312
2479.72,35.44,22.312
2483.82,35.44,22.312
2487.91,35.44,22.312
2492.01,35.44,22.25
2496.11,35.44,22.312
2500.2,35.44,22.312
2504.3,35.44,22.25
2508.39,35.44,22.25
2512.49,35.44,22.25
2516.59,35.44,22.25
2520.68,35.44,22.312
2524.78,35.5,22.312
2528.87,35.5,22.312
2532.97,35.5,22.25
2537.07,35.5,22.312
2541.16,35.5,22.25
2545.26,35.5,22.25
2549.35,35.5,22.312
2553.45,35.5,22.312
2557.55,35.5,22.25
2561.64,35.5,22.25
2565.74,35.5,22.312
2569.83,35.5,22.312
2573.93,35.5,22.312
2578.03,35.5,22.312
2582.12,35.5,22.312
2586.22,35.5,22.312
2590.31,35.5,22.25
2594.41,35.5,22.312
2598.51,35.5,22.25
2602.6,35.5,22.25
2606.7,35.5,22.25
2610.79,35.5,22.312
2614.89,35.5,22.25
2618.99,35.56,22.25
2623.08,35.5,22.25
2627.18,35.56,22.25
2631.27,35.56,22.312
2635.37,35.56,22.312
2639.47,35.56,22.25
2643.56,35.56,22.312
2647.66,35.56,22.25
2651.75,35.56,22.25
2655.85,35.56,22.312
2659.95,35.56,22.25
2664.04,35.56,22.25
2668.14,35.56,22.25
2672.23,35.56,22.25
2676.33,35.56,22.25
2680.43,35.62,22.25
2684.52,35.56,22.25
2688.62,35.62,22.25
2692.71,35.62,22.25
2696.81,35.62,22.25
2700.91,35.62,22.25
2705.0,35.62,22.25
2709.1,35.62,22.25
2713.19,35.62,22.25
2717.29,35.62,22.25
2721.39,35.62,22.25
2725.48,35.62,22.25
2729.58,35.62,22.25
2733.67,35.62,22.25
2737.77,35.62,22.25
2741.87,35.62,22.312
2745.96,35.62,22.25
2750.06,35.62,22.25
2754.15,35.62,22.25
2758.25,35.69,22.25
2762.35,35.69,22.25
2766.44,35.69,22.25
2770.54,35.69,22.25
2774.63,35.69,22.25
2778.73,35.69,22.25
2782.83,35.69,22.25
2786.92,35.69,22.25
2791.02,35.69,22.25
2795.11,35.69,22.25
2799.21,35.69,22.25
2803.31,35.69,22.25
2807.43,35.69,22.25
2811.53,35.75,22.25
2815.63,35.69,22.25
2819.72,35.75,22.25
2823.82,35.75,22.25
2827.91,35.69,22.25
2832.01,35.69,22.25
2836.11,35.75,22.25
2840.2,35.75,22.25
2844.3,35.75,22.25
2848.39,35.75,22.25
2852.49,35.75,22.25
2856.59,35.75,22.25
2860.68,35.75,22.25
2864.78,35.75,22.25
2868.87,35.75,22.25
2872.97,35.75,22.25
2877.07,35.75,22.25
2881.16,35.75,22.25
2885.26,35.75,22.25
2889.35,35.75,22.25
2893.45,35.75,22.25
2897.55,35.75,22.25
2901.64,35.75,22.25
2905.74,35.75,22.25
2909.83,35.75,22.25
2913.93,35.75,22.25
2918.03,35.75,22.25
2922.12,35.75,22.25
2926.22,35.75,22.25
2930.31,35.81,22.25
2934.41,35.81,22.25
2938.51,35.75,22.25
2942.6,35.81,22.25
2946.7,35.81,22.25
2950.79,35.81,22.25
2954.89,35.81,22.25
2958.99,35.75,22.25
2963.08,35.81,22.25
2967.18,35.81,22.25
2971.27,35.81,22.25
2975.37,35.81,22.25
2979.47,35.81,22.25
2983.56,35.81,22.25
2987.66,35.81,22.312
2991.75,35.81,22.25
2995.85,35.81,22.25
2999.95,35.81,22.25
3004.04,35.81,22.25
3008.14,35.81,22.25
3012.23,35.81,22.25
3016.33,35.81,22.25
3020.43,35.81,22.25
3024.52,35.81,22.25
3028.62,35.81,22.25
3032.71,35.81,22.25
3036.81,35.81,22.25
3040.91,35.81,22.25
3045.0,35.81,22.25
3049.1,35.81,22.25
3053.19,35.81,22.25
3057.29,35.81,22.25
3061.39,35.81,22.25
3065.48,35.81,22.25
3069.58,35.88,22.25
3073.67,35.81,22.25
3077.77,35.81,22.25
3081.87,35.88,22.25
3085.96,35.88,22.25
3090.06,35.88,22.25
3094.15,35.88,22.25
3098.25,35.81,22.25
3102.35,35.88,22.25
3106.44,35.88,22.25
3110.54,35.81,22.25
3114.63,35.88,22.25
3118.73,35.88,22.25
3122.83,35.88,22.25
3126.92,35.88,22.25
3131.02,35.88,22.25
3135.11,35.81,22.25
3139.21,35.88,22.25
3143.31,35.88,22.25
3147.4,35.81,22.187
3151.5,35.88,22.25
3155.59,35.88,22.25
3159.69,35.88,22.25
3163.79,35.88,22.312
3167.88,35.88,22.312
3171.98,35.88,22.25
3176.07,35.88,22.25
3180.17,35.88,22.25
3184.27,35.88,22.25
3188.36,35.88,22.25
3192.46,35.88,22.25
3196.55,35.88,22.25
3200.65,35.88,22.25
3204.75,35.88,22.25
3208.84,35.88,22.25
3212.94,35.88,22.25
3217.03,35.88,22.25
3221.13,35.88,22.25
3225.23,35.88,22.25
3229.32,35.88,22.25
3233.42,35.88,22.25
3237.51,35.88,22.25
3241.61,35.88,22.25
3245.71,35.88,22.25
3249.8,35.88,22.25
3253.9,35.88,22.25
3257.99,35.88,22.25
3262.09,35.94,22.25
3266.19,35.88,22.25
3270.28,35.88,22.25
3274.38,35.94,22.25
3278.47,35.88,22.187
3282.57,35.88,22.187
3286.67,35.88,22.25
3290.76,35.88,22.187
3294.86,35.94,22.25
3298.95,35.88,22.25
3303.05,35.88,22.25
3307.15,35.88,22.25
3311.24,35.88,22.25
3315.34,35.88,22.25
3319.43,35.88,22.25
3323.53,35.88,22.25
3327.63,35.94,22.25
3331.72,35.88,22.25
3335.82,35.88,22.25
3339.91,35.88,22.25
3344.01,35.94,22.25
3348.11,35.94,22.25
3352.2,35.94,22.25
3356.3,35.94,22.25
3360.39,35.94,22.187
3364.49,35.94,22.25
3368.59,35.94,22.187
3372.68,35.94,22.187
3376.78,35.94,22.25
3380.87,35.94,22.25
3384.97,35.94,22.25
3389.07,35.94,22.25
3393.16,35.94,22.25
3397.26,35.94,22.25
3401.36,35.94,22.25
3405.45,35.94,22.25
3409.55,35.94,22.25
3413.64,35.94,22.25
3417.74,35.94,22.25
3421.83,35.94,22.25
3425.93,36.0,22.187
3430.03,35.94,22.25
3434.12,35.94,22.25
3438.22,35.94,22.25
3442.31,35.94,22.25
3446.41,35.94,22.25
3450.51,35.94,22.25
3454.6,35.94,22.25
3458.7,36.0,22.25
3462.79,35.94,22.25
3466.89,36.0,22.25
3470.99,36.0,22.187
3475.08,36.0,22.25
3479.18,35.94,22.25
3483.27,35.94,22.25
3487.37,36.0,22.25
3491.47,35.94,22.25
3495.56,35.94,22.25
3499.66,36.0,22.25
3503.75,35.94,22.25
3507.85,35.94,22.25
3511.95,35.94,22.25
3516.04,35.94,22.25
3520.14,36.0,22.25
3524.23,36.0,22.25
3528.33,36.0,22.25
3532.43,35.94,22.25
3536.52,36.0,22.187
3540.62,35.94,22.25
3544.71,36.0,22.25
3548.81,35.94,22.25
3552.91,36.0,22.25
3557.0,36.0,22.25
3561.1,36.0,22.25
3565.19,36.0,22.25
3569.29,36.0,22.25
3573.39,36.0,22.25
3577.48,36.0,22.25
3581.58,36.0,22.25
3585.67,36.0,22.25
3589.77,36.0,22.25
3593.87,36.0,22.25
3597.96,36.0,22.25
3602.06,36.0,22.25
3606.15,36.0,22.187
3610.25,36.0,22.187
3614.35,36.0,22.25
3618.44,36.0,22.25
3622.54,36.0,22.25
3626.63,36.0,22.25
3630.73,36.0,22.25
3634.83,36.0,22.25
3638.92,36.0,22.25
3643.02,36.0,22.25
3647.11,36.0,22.25
3651.21,36.0,22.187
3655.31,36.0,22.25
3659.4,36.0,22.25
3663.5,36.0,22.25
3667.59,36.0,22.25
3671.69,36.0,22.25
3675.79,36.0,22.25
3679.88,36.0,22.25
3683.98,36.0,22.25
3688.07,36.0,22.25
3692.17,36.0,22.25
3696.27,36.0,22.25
3700.36,36.0,22.187
3704.46,36.0,22.187
3708.55,36.0,22.25
3712.65,36.06,22.25
3716.75,36.0,22.25
3720.84,36.0,22.25
3724.94,36.0,22.25
3729.03,36.0,22.25
3733.13,36.0,22.25
3737.23,36.0,22.25
3741.32,36.0,22.25
3745.42,36.0,22.25
3749.51,36.0,22.25
3753.61,36.0,22.25
3757.71,36.06,22.25
3761.8,36.0,22.25
3765.9,36.0,22.25
3769.99,36.0,22.25
3774.09,36.0,22.25
3778.19,36.0,22.25
3782.28,36.0,22.25
3786.38,36.0,22.25
3790.47,36.0,22.25
3794.57,36.0,22.25
3798.67,36.0,22.25
3802.76,36.0,22.25
3806.86,36.0,22.25
3810.95,36.0,22.25
3815.05,36.0,22.25
3819.15,36.0,22.25
3823.24,36.0,22.25
3827.34,36.0,22.25
3831.43,36.0,22.25
3835.53,36.0,22.25
3839.63,36.0,22.25
3843.72,36.06,22.312
3847.82,36.0,22.25
3851.91,36.06,22.25
3856.01,36.0,22.25
3860.11,36.0,22.25
3864.2,36.0,22.25
3868.3,36.06,22.25
3872.39,36.0,22.25
3876.49,36.0,22.25
3880.59,36.06,22.25
3884.68,36.06,22.312
3888.78,36.0,22.312
3892.87,36.06,22.25
3896.97,36.06,22.312
3901.07,36.06,22.312
3905.16,36.06,22.25
3909.26,36.06,22.25
3913.35,36.06,22.25
3917.45,36.06,22.312
3921.55,36.0,22.25
3925.64,36.06,22.312
3929.74,36.06,22.25
3933.83,36.0,22.25
3937.93,36.06,22.312
3942.03,36.06,22.25
3946.12,36.06,22.25
3950.22,36.06,22.312
3954.31,36.06,22.25
3958.41,36.06,22.25
3962.51,36.06,22.312
3966.6,36.06,22.25
3970.7,36.06,22.312
3974.79,36.06,22.312
3978.89,36.06,22.312
3982.99,36.06,22.25
3987.08,36.06,22.312
3991.18,36.06,22.25
3995.27,36.06,22.25
3999.37,36.06,22.312
4003.47,36.06,22.312
4007.56,36.06,22.312
4011.66,36.06,22.312
4015.75,36.06,22.312
4019.85,36.06,22.312
4023.95,36.06,22.312
4028.04,36.06,22.312
4032.14,36.06,22.312
4036.23,36.06,22.312
4040.33,36.06,22.312
4044.43,36.06,22.312
4048.52,36.06,22.312
4052.62,36.06,22.312
4056.71,36.06,22.312
4060.81,36.06,22.312
4064.91,36.06,22.312
4069.0,36.06,22.312
4073.1,36.06,22.312
4077.19,36.06,22.312
4081.29,36.06,22.312
4085.39,36.06,22.312
4089.48,36.06,22.312
4093.58,36.06,22.312
4097.67,36.06,22.312
4101.77,36.06,22.312
4105.87,36.06,22.375
4109.96,36.06,22.375
4114.06,36.12,22.312
4118.15,36.12,22.312
4122.25,36.12,22.312
4126.35,36.06,22.375
4130.44,36.06,22.312
4134.54,36.12,22.312
4138.63,36.06,22.375
4142.73,36.12,22.375
4146.83,36.12,22.375
4150.92,36.12,22.375
4155.02,36.12,22.375
4159.11,36.06,22.375
4163.21,36.06,22.375
4167.31,36.06,22.375
4171.4,36.12,22.312
4175.5,36.12,22.375
4179.59,36.06,22.375
4183.69,36.06,22.375
4187.79,36.06,22.375
4191.88,36.12,22.375
4195.98,36.12,22.375
4200.07,36.06,22.375
4204.17,36.12,22.375
4208.27,36.06,22.375
4212.36,36.06,22.375
4216.46,36.06,22.375
4220.55,36.12,22.375
4224.65,36.12,22.375
4228.75,36.12,22.375
4232.84,36.12,22.375
4236.94,36.06,22.375
4241.03,36.06,22.375
4245.13,36.06,22.375
4249.23,36.06,22.375
4253.32,36.06,22.375
4257.42,36.06,22.375
4261.51,36.06,22.375
4265.61,36.12,22.375
4269.71,36.06,22.375
4273.8,36.06,22.375
4277.9,36.06,22.375
4281.99,36.06,22.375
4286.09,36.06,22.375
4290.19,36.06,22.375
4294.28,36.06,22.375
4298.38,36.06,22.375
4302.47,36.06,22.375
4306.57,36.06,22.375
4310.67,36.06,22.375
4314.76,36.06,22.375
4318.86,36.06,22.375
4322.95,36.06,22.375
4327.05,36.06,22.375
4331.15,36.06,22.437
4335.24,36.06,22.437
4339.34,36.06,22.437
4343.43,36.06,22.437
4347.53,36.12,22.437
4351.63,36.06,22.437
4355.72,36.06,22.437
4359.82,36.06,22.437
4363.91,36.06,22.437
4368.01,36.06,22.437
4372.11,36.06,22.437
4376.2,36.06,22.437
4380.3,36.06,22.437
4384.39,36.06,22.437
4388.49,36.06,22.437
4392.59,36.06,22.437
4396.68,36.06,22.437
4400.78,36.06,22.437
4404.87,36.06,22.437
4408.97,36.06,22.437
4413.07,36.06,22.437
4417.16,36.06,22.437
4421.26,36.06,22.437
4425.35,36.06,22.437
4429.45,36.06,22.437
4433.55,36.06,22.437
4437.64,36.06,22.437
4441.74,36.06,22.375
4445.83,36.06,22.375
4449.93,36.06,22.437
4454.03,36.06,22.375
4458.12,36.06,22.437
4462.22,36.06,22.437
4466.31,36.06,22.437
4470.41,36.12,22.437
4474.51,36.12,22.375
4478.6,36.12,22.437
4482.7,36.12,22.437
4486.79,36.06,22.437
4490.89,36.12,22.437
4494.99,36.06,22.437
4499.08,36.12,22.437
4503.18,36.06,22.437
4507.27,36.06,22.437
4511.37,36.06,22.437
4515.47,36.06,22.437
4519.56,36.06,22.437
4523.66,36.06,22.437
4527.75,36.06,22.437
4531.85,36.06,22.437
4535.95,36.06,22.437
4540.04,36.06,22.437
4544.14,36.06,22.437
4548.23,36.06,22.437
4552.33,36.06,22.437
4556.43,36.06,22.437
4560.52,36.06,22.437
4564.62,36.06,22.437
4568.71,36.06,22.437
4572.81,36.06,22.437
4576.91,36.06,22.437
4581.0,36.06,22.437
4585.1,36.06,22.5
4589.19,36.06,22.5
4593.29,36.06,22.5
4597.39,36.06,22.5
4601.48,36.06,22.5
4605.58,36.06,22.5
4609.67,36.06,22.5
4613.77,36.06,22.5
4617.87,36.06,22.5
4621.96,36.06,22.5
4626.06,36.06,22.5
4630.15,36.06,22.5
4634.25,36.06,22.5
4638.35,36.06,22.5
4642.44,36.0,22.5
4646.54,36.06,22.5
4650.63,36.06,22.5
4654.73,36.06,22.5
4658.83,36.06,22.5
4662.92,36.06,22.5
4667.02,36.0,22.5
4671.11,36.06,22.5
4675.21,36.06,22.5
4679.31,36.06,22.562
4683.4,36.06,22.5
4687.5,36.06,22.5
4691.59,36.06,22.5
4695.69,36.06,22.5
4699.79,36.06,22.5
4703.88,36.06,22.5
4707.98,36.06,22.562
4712.07,36.0,22.562
4716.17,36.06,22.562
4720.27,36.0,22.5
4724.36,36.0,22.562
4728.46,36.06,22.5
4732.55,36.0,22.5
4736.65,36.0,22.5
4740.75,36.0,22.5
4744.84,36.06,22.562
4748.94,36.0,22.562
4753.03,36.06,22.5
4757.13,36.06,22.562
4761.23,36.0,22.562
4765.32,36.06,22.562
4769.42,36.06,22.562
4773.51,36.06,22.562
4777.61,36.06,22.5
4781.71,36.0,22.562
4785.8,36.0,22.562
4789.9,36.06,22.5
4793.99,36.0,22.562
4798.09,36.06,22.562
4802.19,36.0,22.562
4806.28,36.0,22.562
4810.38,36.0,22.562
4814.47,36.06,22.562
4818.57,36.0,22.562
4822.67,36.0,22.562
4826.76,36.0,22.562
4830.86,36.0,22.562
4834.95,36.06,22.562
4839.05,36.06,22.562
4843.15,36.0,22.562
4847.24,36.0,22.562
4851.34,36.06,22.562
4855.43,36.0,22.562
4859.53,36.0,22.625
4863.63,36.06,22.562
4867.72,36.06,22.562
4871.82,36.06,22.562
4875.91,36.06,22.562
4880.01,36.06,22.562
4884.11,36.06,22.562
4888.2,36.0,22.562
4892.3,36.06,22.562
4896.39,36.06,22.562
4900.49,36.06,22.562
4904.59,36.0,22.562
4908.68,36.0,22.562
4912.78,36.06,22.562
4916.87,36.06,22.562
4920.97,36.0,22.562
4925.07,36.06,22.625
4929.16,36.06,22.562
4933.26,36.06,22.562
4937.35,36.06,22.562
4941.45,36.06,22.625
4945.55,36.06,22.625
4949.64,36.06,22.625
4953.74,36.0,22.562
4957.83,36.06,22.625
4961.93,36.06,22.562
4966.03,36.06,22.625
4970.12,36.06,22.625
4974.22,36.06,22.625
4978.31,36.06,22.562
4982.41,36.06,22.625
4986.51,36.06,22.625
4990.6,36.06,22.625
4994.7,36.06,22.625
4998.79,36.06,22.625
5002.89,36.06,22.625
5006.99,36.06,22.625
5011.08,36.06,22.625
5015.18,36.12,22.562
5019.27,36.12,22.625
5023.37,36.06,22.625
5027.47,36.06,22.625
5031.56,36.06,22.625
5035.66,36.06,22.625
5039.75,36.12,22.562
5043.85,36.06,22.625
5047.95,36.06,22.625
5052.04,36.12,22.625
5056.14,36.12,22.562
5060.23,36.12,22.625
5064.33,36.12,22.562
5068.43,36.12,22.625
5072.52,36.12,22.625
5076.62,36.12,22.625
5080.71,36.12,22.625
5084.81,36.12,22.625
5088.91,36.12,22.625
5093.0,36.12,22.625
5097.1,36.12,22.625
5101.19,36.12,22.625
5105.29,36.12,22.625
5109.39,36.12,22.625
5113.48,36.12,22.625
5117.58,36.12,22.625
5121.67,36.12,22.625
5125.77,36.12,22.625
5129.87,36.12,22.625
5133.96,36.12,22.625
5138.06,36.12,22.625
5142.15,36.12,22.625
5146.25,36.12,22.625
5150.35,36.12,22.687
5154.44,36.19,22.625
5158.54,36.12,22.625
5162.63,36.12,22.625
5166.73,36.12,22.625
5170.83,36.12,22.625
5174.92,36.12,22.625
5179.02,36.12,22.625
5183.11,36.12,22.625
5187.21,36.12,22.687
5191.31,36.12,22.625
5195.4,36.12,22.625
5199.5,36.12,22.625
5203.59,36.12,22.625
5207.69,36.19,22.687
5211.79,36.12,22.687
5215.88,36.12,22.625
5219.98,36.12,22.625
5224.07,36.12,22.625
5228.17,36.19,22.687
5232.27,36.19,22.625
5236.36,36.12,22.687
5240.46,36.12,22.625
5244.55,36.12,22.625
5248.65,36.19,22.625
5252.75,36.12,22.625
5256.84,36.19,22.625
5260.94,36.12,22.625
5265.03,36.12,22.687
5269.13,36.19,22.625
5273.23,36.12,22.625
5277.32,36.12,22.687
5281.42,36.12,22.687
5285.51,36.19,22.687
5289.61,36.12,22.687
5293.71,36.12,22.625
5297.8,36.12,22.687
5301.9,36.12,22.687
5305.99,36.12,22.687
5310.09,36.12,22.687
5314.19,36.12,22.687
5318.28,36.12,22.687
5322.38,36.12,22.625
5326.47,36.12,22.687
5330.57,36.19,22.687
5334.67,36.12,22.687
5338.76,36.12,22.687
5342.86,36.12,22.687
5346.95,36.19,22.687
5351.05,36.12,22.687
5355.15,36.12,22.687
5359.24,36.12,22.687
5363.34,36.12,22.687
5367.43,36.12,22.687
5371.53,36.12,22.687
5375.63,36.12,22.687
5379.72,36.12,22.687
5383.82,36.12,22.687
5387.91,36.12,22.687
5392.01,36.12,22.687
5396.11,36.12,22.75
5400.2,36.12,22.687
5404.3,36.12,22.687
5408.39,36.12,22.687
5412.49,36.12,22.687
5416.59,36.12,22.687
5420.68,36.12,22.687
5424.78,36.12,22.75
5428.87,36.12,22.687
5432.97,36.12,22.687
5437.07,36.12,22.75
5441.16,36.12,22.687
5445.26,36.12,22.687
5449.35,36.12,22.687
5453.45,36.12,22.687
5457.55,36.12,22.687
5461.64,36.12,22.75
5465.74,36.12,22.687
5469.83,36.12,22.687
5473.93,36.12,22.687
5478.03,36.12,22.687
5482.12,36.12,22.687
5486.22,36.12,22.687
5490.31,36.12,22.687
5494.41,36.12,22.687
5498.51,36.12,22.687
5502.6,36.12,22.687
5506.7,36.12,22.687
5510.79,36.12,22.687
5514.89,36.12,22.687
5518.99,36.12,22.687
5523.08,36.12,22.687
5527.18,36.12,22.687
5531.27,36.12,22.687
5535.37,36.12,22.687
5539.47,36.12,22.75
5543.56,36.06,22.687
5547.66,36.12,22.687
5551.75,36.12,22.687
5555.85,36.12,22.75
5559.95,36.12,22.75
5564.04,36.12,22.75
5568.14,36.06,22.75
5572.23,36.12,22.687
5576.33,36.12,22.75
5580.43,36.06,22.687
5584.52,36.06,22.687
5588.62,36.06,22.687
5592.71,36.12,22.75
5596.81,36.06,22.687
5600.91,36.06,22.687
5605.0,36.06,22.687
5609.1,36.06,22.687
5613.19,36.12,22.75
5617.29,36.06,22.75
5621.39,36.06,22.687
5625.48,36.12,22.75
5629.58,36.12,22.75
5633.67,36.06,22.687
5637.77,36.06,22.687
5641.87,36.12,22.687
5645.96,36.06,22.75
5650.06,36.06,22.687
5654.15,36.06,22.75
5658.25,36.06,22.687
5662.35,36.06,22.687
5666.44,36.06,22.75
5670.54,36.06,22.687
5674.63,36.06,22.75
5678.73,36.06,22.687
5682.83,36.06,22.75
5686.92,36.06,22.687
5691.02,36.06,22.75
5695.11,36.06,22.75
5699.21,36.06,22.75
5703.31,36.06,22.687
5707.4,36.06,22.75
5711.5,36.06,22.75
5715.59,36.06,22.75
5719.69,36.06,22.75
5723.79,36.06,22.75
5727.88,36.06,22.75
5731.98,36.06,22.75
5736.07,36.06,22.75
5740.17,36.06,22.687
5744.27,36.06,22.75
5748.36,36.06,22.75
5752.46,36.06,22.75
5756.55,36.06,22.75
5760.65,36.06,22.75
5764.75,36.06,22.75
5768.84,36.06,22.75
5772.94,36.06,22.75
5777.03,36.06,22.75
5781.13,36.06,22.75
5785.23,36.06,22.75
5789.32,36.06,22.75
5793.42,36.06,22.75
5797.51,36.06,22.75
5801.61,36.06,22.75
5805.71,36.06,22.75
5809.8,36.06,22.75
5813.9,36.06,22.75
5817.99,36.0,22.75
5822.09,36.06,22.75
5826.19,36.06,22.75
5830.28,36.06,22.687
5834.38,36.0,22.75
5838.47,36.06,22.75
5842.57,36.06,22.75
5846.67,36.06,22.75
5850.76,36.06,22.687
5854.86,36.06,22.75
5858.95,36.06,22.75
5863.05,36.06,22.75
5867.15,36.06,22.75
5871.24,36.0,22.75
5875.34,36.06,22.75
5879.43,36.06,22.75
5883.53,36.06,22.75
5887.63,36.06,22.75
5891.72,36.0,22.75
5895.82,36.0,22.75
5899.91,36.06,22.75
5904.01,36.06,22.75
5908.11,36.0,22.75
5912.2,36.0,22.75
5916.3,36.0,22.75
5920.39,36.06,22.75
5924.49,36.06,22.75
5928.59,36.0,22.75
5932.68,36.0,22.75
5936.78,36.0,22.75
5940.87,36.06,22.75
5944.97,36.0,22.75
5949.07,36.0,22.75
5953.16,36.0,22.75
5957.26,36.0,22.75
5961.35,36.0,22.75
5965.45,36.0,22.75
5969.55,36.0,22.75
5973.64,36.0,22.75
5977.74,36.0,22.75
5981.83,36.0,22.75
5985.93,36.0,22.75
5990.03,36.0,22.75
5994.12,36.0,22.75
5998.22,36.0,22.75
6002.31,36.0,22.75
6006.41,36.0,22.687
6010.51,36.0,22.75
6014.6,36.0,22.75
6018.7,36.0,22.75
6022.79,36.0,22.687
6026.89,36.0,22.687
6030.99,36.0,22.687
6035.08,36.0,22.687
6039.18,36.0,22.75
6043.27,36.0,22.75
6047.37,36.0,22.75
6051.47,36.0,22.75
6055.56,36.0,22.75
6059.66,36.0,22.75
6063.75,36.0,22.75
6067.85,36.0,22.687
6071.95,36.0,22.75
6076.04,36.0,22.75
6080.14,36.0,22.687
6084.23,36.0,22.75
6088.33,36.0,22.687
6092.43,36.0,22.75
6096.52,36.0,22.75
6100.62,36.0,22.75
6104.71,35.94,22.75
6108.81,35.94,22.75
6112.91,35.94,22.75
6117.0,35.94,22.687
6121.1,35.94,22.75
6125.19,35.94,22.75
6129.29,35.94,22.75
6133.39,36.0,22.75
6137.48,35.94,22.75
6141.58,35.94,22.75
6145.67,36.0,22.75
6149.77,35.94,22.75
6153.87,36.0,22.75
6157.96,36.0,22.75
6162.06,36.0,22.75
6166.15,36.0,22.75
6170.25,36.0,22.75
6174.35,36.0,22.75
6178.44,36.0,22.75
6182.54,36.0,22.687
6186.63,36.0,22.75
6190.73,36.0,22.75
6194.83,36.0,22.75
6198.92,36.0,22.75
6203.02,36.0,22.75
6207.11,36.0,22.75
6211.21,36.0,22.687
6215.31,36.0,22.75
6219.4,36.0,22.75
6223.5,36.0,22.75
6227.59,36.0,22.75
6231.69,36.06,22.687
6235.79,36.0,22.75
6239.88,36.0,22.75
6243.98,36.0,22.75
6248.07,36.0,22.75
6252.17,36.06,22.75
6256.27,36.06,22.687
6260.36,36.0,22.75
6264.46,36.06,22.75
6268.55,36.0,22.75
6272.65,36.0,22.687
6276.75,36.0,22.75
6280.84,36.06,22.687
6284.94,36.0,22.75
6289.03,36.0,22.75
6293.13,36.06,22.75
6297.23,36.06,22.75
6301.32,36.06,22.687
6305.42,36.06,22.75
6309.51,36.0,22.75
6313.61,36.0,22.687
6317.71,36.06,22.75
6321.8,36.0,22.687
6325.9,36.06,22.75
6329.99,36.06,22.75
6334.09,36.06,22.75
6338.19,36.06,22.75
6342.28,36.06,22.75
6346.38,36.06,22.75
6350.47,36.06,22.75
6354.57,36.06,22.687
6358.67,36.06,22.687
6362.76,36.06,22.687
6366.86,36.06,22.687
6370.95,36.06,22.75
6375.05,36.06,22.75
6379.15,36.06,22.75
6383.24,36.0,22.687
6387.34,36.06,22.687
6391.43,36.0,22.75
6395.53,36.06,22.75
6399.63,36.0,22.687
6403.72,36.0,22.687
6407.82,36.0,22.75
6411.91,36.0,22.75
6416.01,36.0,22.687
6420.11,36.0,22.687
6424.2,36.0,22.687
6428.3,36.0,22.687
6432.39,36.06,22.687
6436.49,36.0,22.687
6440.59,36.06,22.687
6444.71,36.0,22.687
6448.81,36.0,22.687
6452.91,36.0,22.75
6457.0,36.0,22.687
6461.1,36.0,22.75
6465.19,36.0,22.687
6469.29,36.06,22.687
6473.39,36.0,22.687
6477.48,36.06,22.687
6481.58,36.0,22.687
6485.67,36.0,22.687
6489.77,36.0,22.687
6493.87,36.0,22.75
6497.96,36.06,22.75
6502.06,36.06,22.75
6506.15,36.0,22.687
6510.25,36.06,22.75
6514.35,36.0,22.75
6518.44,36.06,22.75
6522.54,36.06,22.687
6526.63,36.06,22.687
6530.73,36.06,22.687
6534.83,36.06,22.75
6538.92,36.06,22.687
6543.02,36.06,22.75
6547.11,36.06,22.75
6551.21,36.06,22.75
6555.31,36.06,22.75
6559.4,36.06,22.75
6563.5,36.06,22.687
6567.59,36.0,22.687
6571.69,36.06,22.75
6575.79,36.06,22.687
6579.88,36.06,22.75
6583.98,36.06,22.687
6588.07,36.06,22.687
6592.17,36.06,22.75
6596.27,36.0,22.75
6600.36,36.06,22.687
6604.46,36.0,22.687
6608.55,36.0,22.687
6612.65,36.0,22.75
6616.75,36.06,22.687
6620.84,36.0,22.687
6624.94,36.0,22.687
6629.03,36.06,22.687
6633.13,36.0,22.687
6637.23,36.0,22.687
6641.32,36.06,22.75
6645.42,36.06,22.687
6649.51,36.0,22.687
6653.63,36.06,22.687
6657.74,36.0,22.687
6661.83,36.0,22.687
6665.93,36.0,22.687
6670.03,36.0,22.687
6674.12,36.0,22.687
6678.22,36.0,22.687
6682.31,36.0,22.687
6686.41,36.0,22.75
6690.51,36.0,22.687
6694.6,35.94,22.687
6698.7,35.94,22.687
6702.79,36.0,22.687
6706.89,36.0,22.687
6710.99,35.94,22.687
6715.08,36.0,22.687
6719.18,36.0,22.687
6723.27,36.0,22.687
6727.37,36.0,22.687
6731.47,36.0,22.687
6735.56,35.94,22.687
6739.66,36.0,22.687
6743.75,35.94,22.687
6747.85,36.0,22.75
6751.95,36.0,22.687
6756.04,36.0,22.687
6760.14,36.0,22.687
6764.23,36.0,22.625
6768.33,36.0,22.625
6772.43,36.0,22.687
6776.52,36.0,22.687
6780.62,36.0,22.687
6784.71,36.06,22.687
6788.81,36.0,22.687
6792.91,36.0,22.687
6797.0,36.06,22.687
6801.1,36.0,22.75
6805.19,36.0,22.687
6809.29,36.0,22.687
6813.39,36.0,22.687
6817.48,36.0,22.687
6821.58,36.0,22.687
6825.69,36.06,22.687
6829.8,36.0,22.687
6833.9,36.06,22.687
6837.99,36.0,22.625
6842.09,36.06,22.687
6846.19,36.0,22.687
6850.28,36.0,22.687
6854.38,36.0,22.687
6858.47,36.06,22.625
6862.57,36.06,22.687
6866.67,36.06,22.687
6870.76,36.06,22.687
6874.86,36.0,22.687
6878.95,36.06,22.687
6883.05,36.06,22.687
6887.15,36.06,22.687
6891.24,36.06,22.687
6895.34,36.06,22.687
6899.43,36.06,22.625
6903.53,36.06,22.687
6907.63,36.06,22.687
6911.72,36.06,22.625
6915.82,36.06,22.687
6919.91,36.06,22.625
6924.01,36.0,22.687
6928.11,36.0,22.625
6932.2,36.0,22.625
6936.3,36.06,22.687
6940.39,36.06,22.687
6944.49,36.0,22.687
6948.59,36.06,22.625
6952.68,36.0,22.625
6956.78,36.0,22.625
6960.87,36.0,22.625
6964.97,36.0,22.687
6969.07,36.0,22.625
6973.16,36.0,22.625
6977.29,36.0,22.687
6981.39,36.0,22.625
6985.48,36.0,22.687
6989.58,36.0,22.687
6993.67,36.0,22.687
6997.77,36.0,22.625
7001.87,36.0,22.687
7005.96,36.0,22.687
7010.06,36.0,22.687
7014.15,36.0,22.625
7018.25,36.0,22.625
7022.35,36.0,22.687
7026.44,36.0,22.625
7030.54,36.0,22.625
7034.63,36.0,22.687
7038.73,36.0,22.687
7042.83,36.0,22.687
7046.92,36.0,22.687
7051.02,36.0,22.687
7055.11,35.94,22.687
7059.21,36.0,22.625
7063.31,35.94,22.687
7067.4,35.94,22.687
7071.5,35.94,22.625
7075.59,35.94,22.625
7079.69,35.94,22.625
7083.79,36.0,22.687
7087.88,36.0,22.625
7091.98,35.94,22.625
7096.07,35.94,22.625
7100.17,35.94,22.687
7104.27,36.0,22.687
7108.36,36.0,22.687
7112.46,36.0,22.625
7116.55,35.94,22.625
7120.65,35.94,22.625
7124.75,35.94,22.625
7128.84,35.94,22.625
7132.94,35.94,22.687
7137.03,35.94,22.625
7141.13,36.0,22.687
7145.23,35.94,22.687
7149.32,36.0,22.625
7153.42,36.0,22.625
7157.51,35.94,22.625
7161.61,35.94,22.625
7165.71,35.94,22.687
7169.8,36.0,22.625
7173.9,36.0,22.625
7177.99,35.94,22.687
7182.09,36.0,22.687
7186.19,35.94,22.625
7190.28,35.94,22.625
7194.38,35.94,22.687
7198.47,35.94,22.625
7202.57,35.94,22.687
7206.67,35.94,22.625
7210.76,35.94,22.625
7214.86,35.94,22.625
7218.95,35.94,22.625
7223.05,35.94,22.625
7227.15,35.94,22.625
7231.24,35.94,22.625
7235.34,35.94,22.625
7239.43,35.94,22.625
7243.53,35.94,22.625
7247.63,35.94,22.687
7251.72,35.94,22.625
7255.82,35.94,22.687
7259.91,36.0,22.625
7264.01,35.94,22.625
7268.11,35.94,22.625
7272.2,36.0,22.687
7276.3,35.94,22.625
7280.39,35.94,22.625
7284.49,35.94,22.625
7288.59,35.94,22.625
7292.68,35.94,22.625
7296.78,35.94,22.625
7300.87,35.94,22.625
7304.97,35.94,22.625
7309.07,35.94,22.625
7313.18,35.94,22.625
7317.29,35.94,22.625
7321.39,35.94,22.625
7325.48,35.94,22.625
7329.58,35.94,22.625
7333.67,35.94,22.625
7337.77,35.94,22.625
7341.87,35.94,22.625
7345.96,35.94,22.625
7350.06,35.94,22.625
7354.15,35.94,22.625
7358.25,35.94,22.625
7362.35,35.94,22.625
7366.44,35.94,22.625
7370.54,35.94,22.625
7374.63,35.94,22.625
7378.73,35.94,22.625
7382.83,35.94,22.625
7386.92,35.94,22.625
7391.02,35.94,22.625
7395.11,35.94,22.625
7399.21,35.94,22.625
7403.31,35.94,22.625
7407.4,35.94,22.625
7411.5,35.88,22.625
7415.59,35.94,22.625
7419.69,35.94,22.625
7423.79,35.94,22.625
7427.88,35.94,22.625
7431.98,35.88,22.625
7436.07,35.88,22.625
7440.17,35.94,22.625
7444.27,35.94,22.625
7448.36,35.94,22.625
7452.46,35.94,22.625
7456.55,35.94,22.625
7460.65,35.94,22.625
7464.75,35.94,22.625
7468.84,35.94,22.625
7472.94,35.94,22.625
7477.03,35.94,22.625
7481.13,35.94,22.625
7485.23,35.94,22.625
7489.32,35.94,22.625
7493.42,35.94,22.625
7497.51,35.94,22.625
7501.61,35.94,22.625
7505.71,35.94,22.625
7509.8,35.94,22.625
7513.9,35.94,22.625
7517.99,35.94,22.625
7522.09,35.94,22.625
7526.19,35.94,22.625
7530.28,35.94,22.625
7534.38,35.94,22.625
7538.47,35.94,22.625
7542.57,35.94,22.625
7546.67,36.0,22.625
7550.76,35.94,22.625
7554.86,35.94,22.625
7558.95,35.94,22.625
7563.05,35.94,22.625
7567.15,35.94,22.625
7571.24,35.94,22.625
7575.34,35.94,22.625
7579.43,35.94,22.625
7583.53,35.94,22.625
7587.63,35.94,22.625
7591.72,35.94,22.625
7595.82,35.94,22.625
7599.91,35.94,22.625
7604.01,35.94,22.625
7608.11,35.94,22.625
7612.2,35.94,22.625
7616.3,35.94,22.625
7620.39,35.94,22.625
7624.49,35.88,22.625
7628.59,35.88,22.625
7632.68,35.88,22.625
7636.78,35.88,22.625
7640.87,35.88,22.625
7644.97,35.88,22.625
7649.07,35.88,22.625
7653.16,35.88,22.625
7657.26,35.81,22.625
7661.35,35.88,22.625
7665.45,35.88,22.625
7669.55,35.88,22.625
7673.64,35.88,22.625
7677.74,35.88,22.625
7681.83,35.88,22.625
7685.93,35.88,22.625
7690.03,35.88,22.625
7694.12,35.88,22.625
7698.22,35.88,22.625
7702.31,35.88,22.625
7706.41,35.94,22.625
7710.51,35.88,22.625
7714.6,35.88,22.625
7718.7,35.88,22.625
7722.79,35.88,22.625
7726.89,35.88,22.625
7730.99,35.88,22.625
7735.08,35.88,22.625
7739.18,35.88,22.625
7743.27,35.88,22.625
7747.37,35.94,22.625
7751.47,35.88,22.625
7755.56,35.94,22.625
7759.66,35.88,22.562
7763.75,35.94,22.625
7767.85,35.94,22.625
7771.95,35.88,22.625
7776.04,35.94,22.625
7780.14,35.94,22.625
7784.23,35.88,22.625
7788.33,35.88,22.625
7792.43,35.88,22.625
7796.52,35.88,22.562
7800.62,35.88,22.625
7804.71,35.88,22.625
7808.81,35.88,22.625
7812.91,35.88,22.625
7817.0,35.81,22.625
7821.1,35.81,22.625
7825.19,35.81,22.625
7829.29,35.75,22.625
7833.39,35.81,22.625
7837.48,35.75,22.625
7841.58,35.75,22.625
7845.67,35.75,22.625
7849.77,35.81,22.625
7853.87,35.81,22.625
7857.96,35.81,22.625
7862.06,35.81,22.625
7866.15,35.81,22.625
7870.25,35.81,22.625
7874.35,35.81,22.625
7878.44,35.81,22.625
7882.54,35.81,22.625
7886.63,35.88,22.625
7890.73,35.88,22.625
7894.83,35.88,22.625
7898.92,35.88,22.625
7903.02,35.88,22.625
7907.11,35.88,22.625
7911.21,35.88,22.625
7915.31,35.88,22.562
7919.4,35.88,22.625
7923.5,35.88,22.562
7927.59,35.94,22.625
7931.69,35.88,22.625
7935.79,35.88,22.562
7939.88,35.88,22.625
7943.98,35.88,22.625
7948.07,35.88,22.625
7952.19,35.88,22.625
7956.3,35.88,22.625
7960.39,35.88,22.625
7964.49,35.88,22.625
7968.59,35.88,22.625
7972.68,35.88,22.562
7976.78,35.88,22.625
7980.87,35.88,22.625
7984.97,35.88,22.562
7989.06,35.88,22.625
7993.16,35.94,22.625
7997.26,35.94,22.625
